229,0; 180,75; 275,75; 206,5; 237,5; 80,5; 115,75; -130,0; -132,75; 5489,5; -113,5; -21,75; 76,75; -241,0; -241,0; 563,0; -21,75; 236,5; -21,75; 8056,0; 748,0; -95,75; 263,25; 154,5; 406,0; -149,5; 111,75; 267,25; 44,25; 275,75; 
9925,0; 8142,4375; 739,125; 148,75; -127,375; -278,40625; 222,59375; 803,0; 8117,5; 675,0; -241,0; 19,5; -183,25; 732,25; -193,75; 7969,0; 5365,75; 1010,0; 185,5; 850,25; 1786,5; 406,0; -107,0; 10586,5; 10633,75; -2,5; 185,0; 317,0; 2910,5; -237,25; 
4112,59375; 11481,8125; 8928,25; 3084,5546875; 11273,3125; 7322,5; 7691,59375; 13138,0; 13063,75; 3155,5; 13064,5; 8119,75; 5673,25; 7963,0; 5529,25; 5630,5; 8104,0; 2677,75; 5107,75; 13102,0; 2868,25; 2893,0; 5646,25; 1152,25; 5486,5; 1177,75; 470,5; 422,25; -108,5; 593,5; 
11799,25; 8141,125; 6685,1875; 9320,59375; 6493,7265625; 12888,4140625; 7444,28125; 13072,75; 5604,25; 5554,75; 5673,25; 8126,5; 13107,25; 5413,0; 5608,0; 3061,0; 5607,25; 10594,0; 13020,25; 10540,0; 5606,5; 5628,25; 2922,25; 5667,25; 3175,0; 2916,25; -289,75; 228,0; -454,25; 417,25; 
4311,90625; 6886,46875; 6867,53125; 11854,6767578125; 10436,78125; 12667,375; 11505,25; 7990,75; 3156,25; 5659,75; 8141,5; 3166,75; 10572,25; 8116,0; 10614,25; 10552,0; 10636,0; 3133,75; 5566,0; 10648,0; 10613,5; 8070,25; 2681,5; 3163,0; 3182,5; 5635,0; 232,25; 131,5; -204,0; -233,5; 
6854,546875; 12956,584594726562; 12896,40625; 9063,625; 10295,125; 12803,03125; 6366,4375; 10548,25; 7993,0; 5623,75; 3187,0; 5668,75; 5564,5; 5392,75; 10354,75; 5560,75; 5654,5; 8032,0; 3118,0; 5569,0; 8147,5; 10546,0; 2085,5; 8081,5; 839,75; 2924,5; 13038,25; 190,75; 131,5; -279,0; 
10502,03125; 10593,82307434082; 6688,17578125; 4328,62890625; 10327,65625; 8938,375; 10092,71875; 5451,25; 3149,5; 5479,75; 10528,0; 5580,25; 5524,75; 5636,5; 3180,25; 13065,25; 7968,25; 5611,0; 10468,75; 5601,25; 5605,0; 10652,5; 10563,25; 5616,25; 5507,5; 7961,5; -52,75; 263,25; 228,0; 5503,75; 
10580,40625; 12762,8125; 3975,6028842926025; 11407,40625; 7739,5; 5300,62890625; 4085,96875; 10447,0; 10630,75; 10435,0; 10430,5; 10378,0; 8061,25; 7957,75; 13138,0; 13147,0; 10588,0; 5649,25; 8133,25; 5539,75; 5454,25; 7957,0; 5437,0; 10498,75; 13182,25; 10575,25; -121,5; -148,25; 98,75; -293,5; 
11871,15625; 4363,75; 8128,0; 5616,9765625; 11430,17578125; 5342,59375; 10172,5; 13124,5; 8080,0; 8099,5; 5532,25; 12943,0; 10609,0; 8114,5; 13138,75; 13033,75; 10533,25; 8115,25; 10534,75; 10387,75; 10535,5; 8101,75; 837,0; 1309,5; 673,0; 965,75; 133,0; 440,0; -80,75; 337,25; 
6854,59375; 9296,6875; 9230,59375; 12978,625; 5461,64453125; 7537,14697265625; 5375,5; 7888,75; 5545,0; 7964,5; 3158,5; 13184,5; 5356,75; 3124,0; 3034,75; 8119,75; 13039,0; 8037,25; 5440,0; 2797,0; 13159,0; 13123,0; 5608,75; 8111,5; 5679,25; 3115,0; 181,75; -24,0; -114,5; 589,0; 
4399,9375; 5658,625; 10592,5; 8035,375; 4380,578125; 10107,8359375; 7616,32421875; 5469,25; 7894,75; 3109,0; 5391,25; 3167,5; 8067,25; 5613,25; 10633,0; 5616,25; 7967,5; 8035,75; 2965,75; 5413,0; 10462,0; 7987,0; 8029,0; 5338,0; 7943,5; 3047,5; 5569,0; 463,75; -24,0; 179,75; 
11586,25; 3827,6875; 3966,625; 5178,6044921875; 6225,53125; 8615,21875; 3615,671875; 2818,0; 8086,0; 13168,75; 10605,25; 5617,75; 5608,75; 5390,5; 5549,5; 8117,5; 10462,0; 13043,5; 10612,0; 5467,0; 8035,75; 2963,5; 7954,0; 5466,25; 7939,75; 842,0; 163,75; 336,75; -286,0; 146,0; 
10568,59375; 6705,0625; 12974,03125; 6401,125; 10224,15625; 5278,0; 4907,27734375; 8065,75; 2972,5; 2972,5; 10548,25; 13039,0; 8113,0; 5543,5; 5481,25; 5536,0; 2890,75; 10535,5; 5536,0; 10463,5; 12970,0; 10393,0; 7593,0; 1814,75; 1846,75; 10638,25; -29,25; 290,25; 761,0; 80,5; 
5536,375; 8119,87890625; 4343,875; 12776,03125; 5079,44921875; 11466,90625; 6562,9375; 10465,75; 7975,75; 5582,5; 10668,25; 2972,5; 5488,75; 13159,0; 7816,0; 5546,5; 3139,0; 8065,0; 5535,25; 13118,5; 3065,5; 10549,0; 5350,0; 10491,25; 1235,5; 2997,25; -100,0; 272,0; 224,25; 170,5; 
11909,5; 4261,5625; 11799,00390625; 5330,86328125; 11578,28125; 11437,375; 8912,03125; 5560,75; 10600,0; 10519,0; 8161,0; 8130,25; 5605,75; 8064,25; 8066,5; 5576,5; 10579,75; 8047,0; 10613,5; 8091,25; 5533,0; 8096,5; 1870,0; 5551,75; 819,0; 10543,0; 84,25; 382,25; 395,0; 432,25; 
8021,3125; 4198,25048828125; 4123,78515625; 12912,671875; 5287,5625; 6604,375; 11406,34375; 13077,25; 10576,0; 5641,0; 10588,0; 10480,75; 3133,0; 10527,25; 3133,0; 8140,0; 10462,0; 8056,0; 10603,0; 3137,5; 3164,5; 8168,5; 5440,75; 8137,75; 5630,5; 1745,75; -130,0; -21,75; -33,0; 131,5; 
6893,40625; 4270,708984375; 10240,29296875; 11543,125; 7766,125; 7807,375; 6529,28125; 7965,25; 5590,75; 8116,75; 5395,0; 5630,5; 3182,5; 8112,25; 3100,0; 5612,5; 5666,5; 5590,0; 10603,75; 5666,5; 8167,0; 5669,5; 13040,5; 13039,0; 5603,5; 10562,5; -190,0; 263,25; -24,0; 7856,0; 
7937,6875; 6845,125; 4163,640625; 10259,59375; 11504,3125; 12588,28662109375; 11091,625; 13119,25; 3041,5; 10620,25; 10628,5; 5572,0; 5592,25; 10588,75; 10615,0; 3180,25; 13079,5; 8036,5; 13066,75; 8125,75; 5649,25; 10477,75; 1862,5; 10663,75; 12841,75; 3178,0; 321,25; -301,5; -121,5; 78,0; 
4142,78125; 8076,4375; 5588,59375; 13033,84375; 10474,285827636719; 9163,1640625; 6562,703125; 10531,75; 10550,5; 8092,75; 10572,25; 10517,5; 8166,25; 3142,0; 8168,5; 8090,5; 10641,25; 7997,5; 3172,0; 5617,0; 5661,25; 5608,0; 5673,25; 7929,25; 7957,0; 2684,5; 127,75; 1025,25; -233,5; -274,75; 
13135,48046875; 4108,28125; 12672,53125; 5330,3125; 10274,59375; 7774,1875; 7669,78572845459; 5593,75; 10617,25; 8053,75; 7984,75; 8066,5; 5632,0; 8120,5; 5608,0; 5586,25; 8159,5; 8093,5; 8109,25; 8139,25; 5431,0; 8104,0; 7963,0; 7981,0; 2071,25; 8044,0; -207,75; -24,0; 131,5; 750,0; 
11894,93505859375; 11733,56640625; 12779,03125; 5254,94921875; 12487,5625; 6262,65625; 3766,5625; 3142,0; 10641,25; 10558,0; 8062,0; 8160,25; 10645,0; 8129,5; 8128,0; 10597,0; 3136,0; 13089,25; 5614,0; 3177,25; 5592,25; 8071,75; 10537,75; 7801,0; 7946,5; 3082,75; 26,5; 489,0; -27,75; 228,5; 
9385,65625; 6828,75390625; 8092,8203125; 6663,866882324219; 4233,94580078125; 7807,75; 9066,15625; 5629,75; 8090,5; 5650,75; 3136,0; 8123,5; 10621,0; 13098,25; 12926,5; 5624,5; 8042,5; 8120,5; 5646,25; 8144,5; 8155,0; 10493,5; 5440,75; 5563,75; 7983,25; 5553,25; -6,25; -89,25; 436,5; 185,5; 
4357,65625; 4311,8125; 11571,625; 5270,3125; 7694,95703125; 3927,51953125; 3804,625; 8132,5; 8144,5; 10597,0; 10522,0; 8144,5; 5662,0; 13081,0; 3138,25; 5665,75; 3199,0; 8126,5; 8088,25; 5671,0; 10621,0; 8132,5; 2798,5; 7990,0; 8015,5; 13030,75; 185,5; 237,5; 184,0; -241,0; 
9369,625; 13043,21875; 10414,703125; 11589,625; 6596,5; 7822,375; 7449,0625; 10489,75; 8131,75; 10643,5; 10599,25; 13120,75; 5622,25; 8107,0; 13020,25; 13110,25; 3182,5; 10627,0; 5664,25; 7973,5; 8151,25; 8141,5; 5557,75; 2974,0; 3196,0; 2063,0; -63,5; -31,5; 40,0; -78,0; 
8149,84375; 9331,65625; 7962,77734375; 11777,40625; 6713,453125; 12773,6875; 9031,375; 10571,5; 5666,5; 5650,0; 13096,0; 5656,75; 8126,5; 5683,75; 8142,25; 10621,75; 5584,75; 13106,5; 3187,0; 13087,75; 3082,0; 3182,5; 10489,75; 7997,5; 10443,25; 10537,75; -85,5; 698,5; 154,5; 333,5; 
13092,4375; 6901,75; 8093,21875; 6872,7109375; 4237,55078125; 7827,71875; 4015,5625; 10603,0; 8077,0; 5624,5; 5684,5; 10623,25; 10572,25; 8130,25; 5579,5; 13075,0; 8134,0; 10575,25; 5579,5; 13069,75; 5666,5; 10605,25; 8071,0; 10563,25; 934,5; 2975,5; -233,5; 342,5; -21,75; 185,5; 
13071,9296875; 8126,875; 13069,09375; 5343,15625; 5357,03125; 10265,875; 5325,15625; 3167,5; 8078,5; 8095,75; 13109,5; 8126,5; 13093,0; 3175,0; 5638,0; 8144,5; 8132,5; 5683,75; 5661,25; 13072,0; 8171,5; 8134,75; 5377,25; 13003,0; 1899,0; 10531,75; 185,0; -130,0; -446,75; 19,5; 
5663,3125; 6909,625; 8134,0; 8074,3662109375; 10571,88671875; 13013,5; 6503,96875; 8068,75; 5665,75; 5608,0; 5664,25; 8077,0; 10479,25; 5671,75; 13038,25; 12977,5; 10513,0; 8024,5; 8103,25; 5610,25; 5638,0; 8101,75; 2914,0; 4250,5; 7853,5; 3175,0; 97,25; 37,25; -443,0; -130,0; 
4405,28125; 5485,5625; 11729,6875; 11522,73583984375; 6512,5; 8892,15625; 8737,0; 10494,25; 5520,25; 13033,0; 10585,75; 10552,75; 10579,75; 5514,25; 5620,0; 3105,25; 10494,25; 8087,5; 3082,75; 10568,5; 5511,25; 12999,25; 10510,75; 13207,75; 5676,25; 1016,75; 312,0; 184,0; 185,0; 237,5; 
9450,71875; 6722,875; 7961,40625; 7804,9609375; 7967,341979980469; 10206,34375; 5260,09375; 13156,0; 13018,75; 8010,25; 2978,5; 8147,5; 3089,5; 10561,0; 10618,75; 10438,0; 8048,5; 12950,5; 13121,5; 13093,0; 5669,5; 5465,5; 12964,0; 5508,25; 8035,0; 5392,0; 251,0; 640,75; -81,75; 705,25; 
9402,625; 10580,3125; 10607,5; 10565,21875; 13026,625; 4318,9375; 3975,71875; 3165,25; 8113,0; 8024,5; 8125,75; 8065,0; 8052,25; 10573,75; 5582,5; 5635,0; 3055,0; 5625,25; 5614,0; 8160,25; 8000,5; 3130,0; 13041,25; 1518,75; 10588,0; 1006,25; 646,0; 786,0; 581,5; -324,0; 
4212,15625; 10545,203125; 11567,6875; 11471,5; 12737,6640625; 4093,09375; 10252,15234375; 8044,0; 5532,25; 10568,5; 3153,25; 10585,75; 5629,0; 5487,25; 5579,5; 3119,5; 5596,75; 8153,5; 13014,25; 5573,5; 5473,75; 3164,5; 10645,75; 706,75; 10598,5; 10480,75; -287,5; -287,5; -107,0; -89,25; 
11820,53125; 9359,3330078125; 4242,4609375; 4048,1875; 9097,09375; 7822,5625; 5344,09375; 2979,25; 13132,0; 13085,5; 3178,0; 10540,0; 10639,0; 5671,0; 3193,0; 8131,0; 13120,0; 13064,5; 3177,25; 10617,25; 10583,5; 13114,0; 3178,0; 5564,5; 10478,5; 12979,75; 696,5; -35,5; -214,75; 595,5; 
6897,25; 4388,875; 8150,5; 5658,4375; 5649,0625; 5657,96875; 9199,31640625; 10630,0; 10560,25; 5644,0; 5593,0; 5665,0; 10551,25; 8119,0; 8095,0; 13055,5; 8132,5; 10560,25; 10621,0; 5602,0; 10575,25; 10594,75; 10422,25; 13027,0; 8140,75; 7936,0; 1189,75; -21,25; -132,75; 812,5; 
4373,6875; 7956,625; 11548,0; 10295,875; 10285,09375; 6581,03125; 7809,90625; 5661,25; 8086,0; 10627,75; 5577,25; 5680,0; 10574,5; 13093,75; 10610,5; 10550,5; 3178,0; 8129,5; 13129,0; 10610,5; 8141,5; 3155,5; 5593,75; 10462,0; 10441,75; 3073,0; 28,0; 237,5; 629,0; -76,5; 
10429,75; 13114,84375; 9219,625; 8924,59375; 7848,4375; 5360,6875; 6516,0625; 13058,5; 10625,5; 10588,75; 10549,75; 3187,0; 5658,25; 8132,5; 5650,0; 3193,75; 10588,0; 5665,0; 5657,5; 5658,25; 10588,0; 8092,0; 8134,0; 7205,0; 1322,5; 7968,25; 50,0; 923,0; -233,5; 523,75; 
4429,10546875; 11803,9375; 10296,4375; 8920,46875; 9065,875; 7783,375; 6544,84375; 8128,0; 10574,5; 8095,0; 10527,25; 8131,0; 5647,0; 5658,25; 3182,5; 8101,75; 13096,0; 5670,25; 5669,5; 5657,5; 8112,25; 3188,5; 10490,5; 5590,75; 10384,0; 844,75; -316,5; -24,0; 441,75; -244,75; 
13107,25; 10430,9921875; 9016,1875; 6529,28125; 7638,0625; 12478,75; 4079,0546875; 13018,0; 5629,0; 8116,0; 10594,75; 8017,0; 13165,0; 10628,5; 8070,25; 3108,25; 13066,0; 3119,5; 5641,75; 8164,0; 13069,0; 10648,75; 1231,0; 2967,25; 12973,0; 10544,5; 129,25; 380,75; 171,25; -293,5; 
10541,875; 11880,15625; 9337,375; 6802,0; 10587,25; 11728,75; 11304,96875; 8164,0; 10653,25; 8074,0; 10560,25; 3164,5; 7761,0; 5388,25; 10526,5; 10644,25; 8068,0; 5507,5; 10612,75; 2871,5; 13159,0; 10591,0; 8137,0; 7921,75; 10534,75; 1871,25; 927,5; -76,5; 402,25; 585,5; 
9410,5; 7988,76953125; 6453,71875; 6561,24609375; 5307,15625; 12795,90625; 10208,21875; 3121,0; 12943,0; 13162,0; 2670,0; 5356,75; 5467,75; 5605,0; 5566,75; 10654,0; 5612,5; 10595,5; 10705,0; 10553,5; 5317,75; 5461,75; 2484,75; 8158,0; 3073,0; 10539,25; -2,5; -21,75; -167,0; -136,5; 
13159,75; 6896,125; 8061,98828125; 9139,375; 4117,375; 6624,4375; 5264,6875; 10690,0; 3121,0; 5635,75; 5650,75; 5646,25; 7961,5; 5487,25; 3169,75; 5605,75; 8134,0; 8122,0; 10608,25; 5598,25; 2895,25; 2818,0; 5614,75; 10535,5; 8110,75; 8102,5; 342,75; 317,0; 1603,0; 185,5; 
11875,09375; 11635,375; 11523,90625; 5113,5625; 6388,046875; 3598,0; 8671,375; 3121,0; 10637,5; 10547,5; 5645,5; 10585,75; 10534,75; 5535,25; 5623,75; 5590,75; 13184,5; 13087,75; 10413,25; 5535,25; 5461,75; 8058,25; 5488,75; 13102,0; 7889,5; 5421,25; 30,75; 176,5; 386,5; -27,75; 
13136,6875; 9383,125; 8140,84375; 4139,51171875; 7949,546875; 5275,73828125; 9057,4375; 3109,0; 7966,0; 5664,25; 13117,0; 13135,0; 2893,0; 13043,5; 8009,5; 5466,25; 8032,0; 7981,0; 5388,25; 5461,75; 10612,75; 13033,75; 7941,25; 5559,25; 5682,25; 13084,0; -76,5; -48,5; 184,0; 237,5; 
4423,2109375; 7985,875; 6825,625; 10607,875; 11713,1875; 5643,71875; 5227,84375; 5454,25; 5563,75; 10615,0; 8100,25; 13115,5; 10636,75; 10611,25; 5647,75; 10533,25; 2890,75; 10612,75; 10633,75; 5666,5; 3099,25; 10558,75; 5626,75; 7894,0; 2803,0; 3088,0; -446,75; 232,25; 98,75; 19,5; 
9319,1875; 4195,7734375; 6594,71875; 5293,09375; 8990,875; 12713,59375; 7712,78125; 10432,0; 5638,75; 12960,25; 10490,5; 8029,75; 10399,75; 12976,0; 2983,0; 8119,0; 7993,0; 3175,75; 10564,75; 10626,25; 10606,0; 10660,0; 10577,5; 5629,0; 8116,0; 1776,25; 395,0; -67,25; 232,25; -235,0; 
8009,5; 11700,53125; 11825,69921875; 11311,75; 11553,15625; 12791,125; 10258,1875; 5656,75; 10560,25; 10654,0; 5530,75; 5605,0; 3134,5; 10598,5; 5673,25; 10629,25; 5590,75; 13070,5; 5661,25; 5581,75; 5554,0; 5605,75; 5533,75; 10541,5; 13108,0; 3137,5; 232,25; 19,5; -450,5; 615,5; 
12996,625; 5675,6875; 11814,390625; 10455,46240234375; 5471,81640625; 4223,76953125; 12618,34375; 8041,0; 8062,0; 12889,75; 3118,75; 3180,25; 10604,5; 12805,0; 5485,75; 5600,5; 3178,0; 13073,5; 8069,5; 13103,5; 10402,75; 8111,5; 5577,25; 5262,25; 5417,5; 8146,0; 0,75; -446,75; 120,25; 228,5; 
9374,3125; 8122,5625; 4087,703125; 4386,71875; 5574,25; 6824,04296875; 6694,673828125; 10613,5; 3147,25; 5525,5; 7990,0; 13072,75; 8085,25; 10555,0; 8110,75; 5638,0; 5590,75; 8066,5; 5659,75; 5645,5; 8143,0; 5659,75; 5660,5; 12926,5; 8163,25; 13038,25; 1216,75; -114,5; 93,5; -214,0; 
4426,46875; 10565,78125; 9386,3125; 5309,3125; 5265,625; 5150,2890625; 11291,40625; 10468,75; 8072,5; 10579,75; 8135,5; 8140,0; 3166,75; 8164,0; 8179,0; 10620,25; 3166,0; 5651,5; 8150,5; 13045,0; 10573,75; 3189,25; 1797,75; 1497,5; 5276,0; 10577,5; 146,0; -233,5; 133,0; 102,5; 
9304,75; 4196,67578125; 6582,90625; 11410,09375; 4078,5625; 4095,71875; 5147,72265625; 5570,5; 8074,0; 8118,25; 5542,75; 8032,75; 8162,5; 5605,75; 3112,0; 13090,75; 3159,25; 13076,5; 7981,0; 8169,25; 5594,5; 3131,5; 13024,0; 13022,5; 8094,25; 10492,0; 19,5; 185,5; -440,75; 324,0; 
4391,21875; 9321,8125; 7998,25; 4234,1875; 11582,51171875; 3908,5; 7580,21875; 13089,25; 5440,0; 8039,5; 10532,5; 8069,5; 10493,5; 12991,75; 5550,25; 8035,0; 10548,25; 10492,0; 8090,5; 5462,5; 7966,75; 5516,5; 679,75; 2975,5; 10525,0; 5670,25; 615,5; 31,75; -55,5; 307,25; 
4311,90625; 11660,59375; 4124,31396484375; 7644,53125; 12650,6875; 3943,375; 12678,8125; 8083,75; 5653,75; 5448,25; 10417,75; 12999,25; 8051,5; 12988,75; 7987,0; 2914,0; 5623,75; 5403,25; 10588,75; 12955,0; 7918,0; 8003,5; 8086,0; 5617,0; 862,75; 1452,0; 153,0; 395,0; 229,0; 5,0; 
9203,78125; 13002,34375; 5416,0; 7887,9765625; 5496,4609375; 10285,19921875; 6557,21875; 12928,0; 3064,0; 10570,75; 10539,25; 8011,0; 13003,0; 5557,0; 2893,0; 5593,0; 5510,5; 13024,0; 7961,5; 5590,0; 5591,5; 5388,25; 5545,75; 3115,0; 7939,0; 7684,5; 131,5; 586,0; 186,75; 250,0; 
11764,0; 11761,75; 4282,66796875; 11701,75; 6516,34375; 10185,53125; 12671,14990234375; 10471,75; 10626,25; 10420,75; 8030,5; 7937,5; 5472,25; 7999,0; 10434,25; 10492,75; 3043,75; 5560,75; 10472,5; 5558,5; 7957,0; 8030,5; 13042,0; 3050,5; 5467,0; 1599,0; 662,0; 1072,0; 546,75; 333,0; 
8097,625; 9230,643737792969; 4020,625; 6682,09375; 9125,96875; 5292,15625; 12718,09375; 5467,75; 7949,5; 7927,0; 7942,0; 5514,25; 10495,75; 5473,0; 5548,0; 10515,25; 7904,5; 10471,0; 5481,25; 10542,25; 5620,75; 8060,5; 3160,0; 10511,5; 5507,5; 1390,5; 138,0; -279,0; 185,5; 698,5; 
5418,26171875; 4001,40625; 6392,40625; 5260,5625; 8845,09375; 12715,375; 8735,705467224121; 8033,5; 13093,0; 10498,75; 3067,0; 8033,5; 5515,75; 7950,25; 5536,75; 2968,0; 12971,5; 5523,25; 8095,0; 5500,0; 8072,5; 7978,0; 700,0; 13045,0; 8009,5; 8095,75; -301,5; -301,5; 78,0; 308,5; 
6710,125; 9312,625; 10503,4375; 10496,921875; 8868,34375; 3704,88671875; 6259,213183403015; 3145,0; 7947,25; 5501,5; 10595,5; 8108,5; 2944,75; 8013,25; 5434,0; 5596,0; 5547,25; 7940,5; 10530,25; 5551,75; 3100,75; 13058,5; 931,0; 8171,5; 10534,75; 7471,0; 189,25; 687,0; 409,25; -48,5; 
9348,8125; 12763,5625; 6429,71875; 5124,90625; 7642,6796875; 12700,615234375; 8846,078125; 8030,5; 12907,75; 5436,25; 5579,5; 12946,0; 13010,5; 5517,25; 5557,75; 5530,0; 10501,75; 5549,5; 5519,5; 5512,0; 8058,25; 2972,5; 3113,5; 8101,0; 3004,0; 13108,0; 444,25; 163,25; -233,5; 1099,75; 
11870,125; 8029,9375; 4342,375; 4222,84375; 6655,4453125; 11705,576904296875; 10181,59375; 3106,0; 2986,0; 5563,75; 7990,0; 10555,0; 8010,25; 10564,75; 10525,0; 5505,25; 2996,5; 7961,5; 8153,5; 10574,5; 5403,25; 5601,25; 1049,25; 10495,0; 2304,0; 8038,0; 1055,5; 153,0; -156,75; -20,75; 
6570,390625; 11599,57211303711; 5267,3125; 7814,21875; 12623,5; 7640,5; 5113,375; 8096,5; 13078,0; 5584,0; 8044,0; 2989,0; 13025,5; 2977,0; 3178,0; 13053,25; 10408,75; 8062,0; 5558,5; 3187,0; 10533,25; 8047,75; 1785,5; 12979,75; 13015,0; 807,0; 285,0; 7959,25; 882,0; 910,5; 
9238,0; 6735,90625; 11818,1875; 11743,0; 4358,59375; 12913,5625; 12856,446514129639; 5604,25; 2914,0; 13051,0; 10425,25; 10554,25; 3160,0; 8089,0; 10501,0; 7930,0; 10486,0; 5533,0; 8033,5; 8030,5; 8147,5; 5461,0; 5352,25; 10418,5; 8034,25; 2980,0; 402,25; -185,75; 176,5; 167,5; 
9281,875; 10483,8203125; 5533,055814266205; 5401,3984375; 5435,875; 12756,90625; 7708,0; 10549,0; 10462,75; 5445,25; 5580,25; 7969,0; 5487,25; 2937,25; 3166,0; 5613,25; 8022,25; 5616,25; 2978,5; 10543,0; 10501,75; 3107,5; 5489,5; 1024,0; 838,0; 8021,5; 104,75; -11,0; 28,0; 380,75; 
9267,61328125; 6368,875; 11457,25; 3974,21875; 12688,1025390625; 8938,46875; 11340,484375; 5420,5; 5540,5; 2984,5; 3004,75; 8059,0; 7984,0; 10514,5; 8023,0; 5476,0; 5476,0; 7957,0; 3160,0; 7934,5; 3107,5; 13025,5; 1595,0; 12980,5; 5510,5; 10429,75; -454,25; -159,5; 485,25; 616,0; 
6723,0625; 10472,6875; 5520,6378173828125; 7770,15625; 6662,810546875; 7791,8125; 3781,09375; 3029,5; 7996,0; 8045,5; 5604,25; 10401,25; 7871,5; 3169,75; 10577,5; 8108,5; 10628,5; 5626,0; 7982,5; 10552,0; 13069,0; 5497,75; 5335,75; 10453,0; 5388,25; 8048,5; 27,5; -20,0; 259,5; -76,5; 
4344,625; 5266,1875; 12735,8125; 10152,25; 8883,8359375; 10102,375; 4074,15625; 10617,25; 13087,75; 2978,5; 3040,0; 12971,5; 10535,5; 5635,0; 12992,5; 3106,0; 8044,75; 13058,5; 7985,5; 10494,25; 13033,0; 10549,0; 2122,5; 7984,0; 3103,75; 7930,0; 181,75; 909,75; 190,0; 3169,0; 
8143,46875; 10585,5625; 10559,5; 4173,8125; 8080,9375; 11715,2265625; 4018,65625; 5557,75; 5558,5; 10519,0; 8053,0; 13039,0; 8050,75; 5670,25; 10592,5; 3044,5; 10564,0; 7978,0; 3109,75; 8086,0; 5515,0; 10617,25; 5414,5; 5383,0; 1758,5; 3031,0; -443,0; -25,0; -443,0; 185,5; 
4273,0; 4076,4033203125; 11499,15625; 6429,0625; 7805,9453125; 9015,25; 6512,6875; 7961,5; 8111,5; 10514,5; 10521,25; 8089,75; 8120,5; 8109,25; 7931,5; 13135,0; 13028,5; 13109,5; 13048,0; 8102,5; 10582,0; 12989,5; 5433,25; 7895,5; 12990,25; 10429,75; 342,5; 232,75; 279,5; 885,0; 
13108,75; 4284,0625; 10580,875; 10536,8125; 4169,03125; 5450,6875; 7947,51953125; 10438,75; 5493,25; 10578,25; 5660,5; 3016,0; 10503,25; 5568,25; 8087,5; 5623,75; 10486,0; 10636,0; 7963,0; 10525,0; 10503,25; 5655,25; 10494,25; 1320,5; 10603,75; 5464,0; 365,25; 228,5; 104,75; 159,5; 
11885,96875; 6427,375; 9052,09375; 4065,859375; 4095,15625; 5123,8515625; 6534,625; 12978,25; 3031,0; 10564,0; 5555,5; 8089,0; 5636,5; 10537,0; 10642,75; 5546,5; 7984,0; 8089,0; 10505,5; 10495,0; 10517,5; 10528,75; 5548,0; 1548,0; 595,0; 8070,25; -24,0; 206,5; -443,0; 478,0; 
13062,90625; 11701,24609375; 11519,59375; 10272,625; 3898,75; 12737,21875; 7770,0625; 2977,75; 13030,0; 10495,75; 10585,75; 8035,75; 2977,75; 7981,75; 10618,0; 7954,75; 10572,25; 10516,75; 10592,5; 13135,0; 8088,25; 10618,0; 3121,0; 12887,5; 8098,0; 1273,75; 511,0; -37,5; -458,0; 653,5; 
10643,5; 10634,48828125; 5443,0; 5595,8125; 13059,77734375; 10442,90576171875; 12880,57421875; 8088,25; 10600,75; 10558,0; 8072,5; 3105,25; 13135,0; 10618,0; 13135,0; 5596,75; 5469,25; 13061,5; 5617,75; 5533,0; 5614,0; 5660,5; 8105,5; 10522,0; 12973,0; 10498,75; 74,0; 104,75; 181,75; 181,75; 
5456,125; 6880,0; 9319,9375; 13079,09716796875; 7919,5; 9301,82177734375; 12766,9375; 5506,75; 5650,75; 10579,0; 13030,75; 8158,0; 5531,5; 5575,0; 10579,75; 13085,5; 10549,0; 12989,5; 5634,25; 8149,75; 13028,5; 7998,25; 5343,25; 5578,75; 5451,25; 8074,0; -148,25; -24,0; -27,75; -446,75; 
6859,1875; 9327,012145996094; 4178,59375; 13026,0625; 5503,9375; 5486,9921875; 5137,09375; 13010,5; 8120,5; 5575,0; 3105,25; 7981,0; 8084,5; 8110,0; 10546,0; 8044,0; 13045,0; 8055,25; 2978,5; 10579,75; 10507,75; 8108,5; 8086,75; 10489,0; 13048,0; 994,75; -190,0; 489,0; 174,25; -159,5; 
7934,875; 13027,375; 5443,2578125; 8113,9375; 12730,09375; 7797,25; 10191,34375; 5657,5; 10475,5; 5575,0; 10498,0; 13048,0; 10532,5; 5638,75; 8106,25; 13042,0; 10575,25; 10581,25; 10403,5; 10586,5; 7940,5; 5653,0; 2918,5; 2544,75; 13122,25; 5381,5; -48,5; 386,5; 342,5; -287,5; 
4181,78125; 6714,25; 9345,25; 13004,921875; 6670,76171875; 11480,3125; 8940,90625; 5629,0; 8024,5; 10569,25; 3157,0; 13042,0; 10579,0; 10579,0; 5655,25; 5491,75; 10575,25; 13107,25; 13026,25; 5428,0; 3043,0; 5551,75; 10352,5; 8093,5; 10577,5; 13054,0; 13087,0; 2812,0; 615,5; 102,5; 
9367,28125; 5666,5; 11823,25; 4339,375; 4307,03125; 5495,740234375; 4213,1640625; 3175,0; 10579,0; 5666,5; 13021,0; 5584,75; 3178,0; 3043,0; 3043,0; 10462,75; 8124,25; 13018,0; 8060,5; 5577,25; 5509,75; 5449,75; 8134,0; 1236,0; 1762,0; 1428,75; -148,25; -289,75; 153,0; 3,0; 
10582,375; 8109,625; 6674,40625; 6559,375; 5255,59375; 3911,53515625; 5002,75; 10613,5; 5580,25; 8119,0; 13024,0; 5561,5; 8092,0; 8083,0; 10590,25; 8116,0; 5618,5; 10550,5; 8098,0; 5627,5; 8057,5; 10545,25; 10617,25; 8090,5; 8092,0; 1425,0; -108,5; 228,0; -24,0; -316,5; 
6879,25; 9044,03125; 11523,4375; 9031,65625; 10237,421875; 5268,8125; 10305,90625; 10543,0; 3079,0; 3147,25; 8084,5; 10588,75; 5663,5; 13031,5; 5617,0; 8104,0; 5654,5; 5554,0; 10570,75; 3155,5; 13025,5; 5553,25; 2920,0; 2041,0; 7858,75; 1447,5; 2190,25; 120,25; 80,0; -31,5; 
6808,5625; 5604,8125; 12922,6796875; 7747,46875; 10276,84375; 9041,125; 6485,11328125; 5619,25; 13060,75; 8062,75; 5617,75; 10561,75; 10591,75; 10589,5; 13008,25; 5556,25; 5619,25; 8090,5; 10573,0; 10574,5; 10542,25; 3148,0; 10520,5; 13003,0; 10480,0; 13006,0; -48,5; 154,5; 89,25; 146,0; 
6883,84375; 5642,40625; 5578,375; 11721,625; 8026,8349609375; 12702,34375; 4059,4375; 7975,75; 3088,0; 5575,75; 12878,5; 10564,0; 10594,0; 8026,0; 3016,0; 5588,5; 5532,25; 5468,5; 5569,75; 5588,5; 10591,75; 10487,5; 13012,0; 3011,5; 10376,5; 3109,75; -156,75; -310,0; 97,25; -436,5; 
4369,75; 6789,8125; 6824,04296875; 11561,453125; 12713,875; 12736,46875; 12786,25; 7985,5; 7999,75; 8089,0; 8014,75; 5515,0; 10591,75; 8098,0; 8087,5; 10573,0; 8090,5; 8150,5; 10583,5; 3105,25; 7946,5; 8114,5; 5448,25; 10640,5; 5484,25; 10347,25; 26,5; -68,0; 40,5; 120,25; 
6851,03125; 8078,93359375; 9234,484375; 9112,556640625; 5361,0625; 7810,84375; 4098,4375; 8099,5; 13107,25; 13082,5; 5530,0; 10621,75; 8053,0; 5476,0; 10559,5; 3122,5; 8062,0; 13018,75; 3151,75; 10633,75; 5487,25; 10590,25; 1318,75; 8098,75; 7883,5; 7972,0; 317,0; 210,75; 402,25; -100,0; 
13127,03125; 6888,0625; 6763,46875; 11518,84375; 6572,21875; 4027,65625; 7798,5625; 3181,0; 5448,25; 8113,0; 5570,5; 8134,0; 8119,0; 5581,75; 10561,0; 10558,75; 10556,5; 10586,5; 5654,5; 5575,75; 8159,5; 10556,5; 10605,25; 8176,0; 7993,0; 1153,75; 5,0; -241,0; 797,75; 164,75; 
13108,12890625; 9138,73046875; 6549,15625; 5196,8125; 11497,375; 6571,09375; 6552,0625; 10607,5; 13065,25; 5593,75; 8053,0; 8095,75; 10600,0; 5617,0; 10599,25; 8059,0; 5602,0; 5589,25; 5653,0; 3181,0; 8086,75; 3181,0; 3043,0; 1232,0; 12976,0; 5626,0; 274,5; 104,75; -293,5; 207,0; 
13079,89111328125; 13047,90625; 9256,0; 6611,921875; 10329,8125; 11514,25; 5313,90625; 8072,5; 13085,5; 12923,5; 13083,25; 8002,0; 3093,25; 5592,25; 8126,5; 5655,25; 5443,75; 13083,25; 8032,0; 5491,75; 10601,5; 5623,75; 10618,75; 1382,0; 5653,75; 12959,5; 1394,25; 436,5; 10534,0; 104,75; 
4419,0625; 13085,40625; 5625,15625; 5658,111389160156; 6806,48828125; 10564,9375; 12913,9375; 10564,75; 3121,0; 10582,0; 5635,75; 5622,25; 5663,5; 8086,75; 10601,5; 10567,75; 10564,75; 13091,5; 3091,0; 8138,5; 10582,75; 5594,5; 13054,75; 5470,75; 8113,0; 12982,75; 167,5; -159,5; 229,0; -33,0; 
9405,4375; 5646,05078125; 5648,59375; 9219,34375; 8009,6171875; 4035,4375; 7674,34375; 8159,5; 13078,0; 8150,5; 12970,75; 8086,75; 10630,0; 5487,25; 10626,25; 5617,0; 8107,0; 7957,0; 5560,75; 5596,75; 7997,5; 7982,5; 1319,75; 7674,25; 5539,0; 1393,0; 869,5; 158,25; 1101,0; 131,5; 
6892,375; 4230,71875; 6569,5; 11593,28125; 8879,8046875; 7508,79296875; 7457,6875; 8119,0; 10576,0; 10399,75; 5598,25; 8101,0; 10438,0; 10616,5; 5422,0; 7966,75; 7978,0; 3073,0; 13069,0; 8119,0; 5567,5; 5577,25; 7978,0; 3073,0; 1067,5; 2482,25; 153,0; 153,0; -230,75; -190,0; 
4430,125; 9167,91015625; 4098,8125; 7670,875; 3885,625; 7738,46875; 10098,8505859375; 3106,0; 10500,25; 8134,0; 13105,0; 8113,0; 8089,0; 10574,5; 10514,5; 8062,0; 5635,75; 13042,0; 3178,0; 8109,25; 10573,0; 10560,25; 5386,75; 10480,0; 1238,0; 3052,0; -24,0; 232,25; 290,0; -233,5; 
8101,375; 9383,5; 11504,3125; 11498,875; 6542,40625; 11469,0625; 8894,78125; 12952,0; 5641,75; 5489,5; 5645,5; 8084,5; 3041,5; 10471,0; 8004,25; 10568,5; 5512,0; 2979,25; 5509,75; 5594,5; 8111,5; 10577,5; 3181,0; 13072,0; 7904,5; 1625,75; 27,5; 389,25; 120,25; -24,0; 
4388,875; 5549,5; 5253,4140625; 7924,234375; 11597,7578125; 3966,4375; 10274,6875; 7984,0; 13087,75; 5507,5; 3115,0; 13028,5; 8024,5; 5573,5; 5427,25; 5596,75; 10555,0; 10610,5; 8110,0; 5443,0; 10512,25; 8009,5; 5618,5; 5636,5; 8122,0; 5611,75; -24,0; 1043,0; 28,0; -279,0; 
9294,71875; 4210,1875; 10335,8447265625; 11523,0625; 11509,0; 12728,78125; 6517,2109375; 8044,75; 10513,0; 3109,75; 3085,75; 5449,0; 7965,25; 10558,0; 5577,25; 13079,5; 13042,0; 10458,25; 5494,75; 5638,0; 13055,5; 10519,0; 5636,5; 8119,0; 13048,0; 13012,0; 593,5; -63,5; 259,5; -233,5; 
9325,1875; 8051,3125; 11813,125; 4332,25; 11656,375; 4173,09765625; 12897,1328125; 5515,75; 10393,75; 8140,0; 10555,0; 5494,75; 8011,0; 5573,5; 5530,75; 5632,75; 5638,75; 5512,75; 2914,0; 10538,5; 5614,0; 2977,0; 10536,25; 5398,0; 5570,5; 1986,0; 197,5; -27,75; 37,25; 24,25; 
9293,0166015625; 6516,765625; 7875,671875; 5293,375; 12692,3125; 12705,15625; 7729,46875; 5630,5; 10661,5; 13052,5; 8134,0; 8071,0; 12975,25; 10603,75; 8075,5; 12975,25; 10609,0; 5480,5; 8092,75; 12959,5; 8089,0; 7938,25; 2509,0; 10428,25; 1647,75; 2447,75; 472,5; 153,0; 263,25; 76,75; 
11815,9375; 11746,65625; 5574,90625; 4299,8125; 9241,26953125; 10456,5390625; 9063,0625; 13015,0; 13082,5; 5507,5; 12970,0; 5469,25; 8056,0; 10586,5; 10639,0; 5624,5; 13124,5; 10534,75; 8063,5; 8090,5; 5588,5; 3175,0; 2908,0; 8092,0; 7938,25; 3175,0; 281,25; 7913,5; -450,5; 104,75; 
4288,5625; 11720,3125; 6729,25; 4355,5; 12928,8671875; 7750,08203125; 5178,625; 5575,0; 10446,25; 5503,0; 3103,75; 8024,5; 10458,25; 7995,25; 13056,25; 5559,25; 8050,0; 5611,75; 8029,0; 7976,5; 10536,25; 2976,25; 12862,0; 2073,75; 969,75; 5602,0; 44,75; -305,75; 406,25; 85,75; 
6863,03125; 9328,4833984375; 7875,625; 9069,7890625; 10160,78125; 3946,28125; 11457,15625; 13038,25; 10575,25; 7973,5; 7973,5; 8023,0; 10460,5; 5457,25; 5599,75; 3031,0; 8095,75; 8074,0; 5468,5; 10498,0; 12989,5; 13054,0; 10600,0; 1228,5; 10529,5; 2977,0; -52,75; 131,5; 327,5; 312,0; 
11780,5; 4244,03125; 9234,8125; 9029,01953125; 3972,625; 8972,40625; 10254,0625; 3043,0; 10510,0; 13006,0; 10535,5; 10555,75; 5625,25; 13051,0; 10357,0; 13048,75; 3105,25; 10532,5; 13048,0; 7970,5; 8108,5; 8033,5; 8098,0; 3089,5; 10523,5; 10484,5; -77,5; 489,0; 19,5; -76,5; 
5438,875; 8091,34375; 5633,875; 6817,0; 7823,3125; 11449,46875; 8977,1875; 10564,0; 12991,0; 10552,75; 8119,75; 5443,75; 5593,0; 10534,0; 10554,25; 10447,0; 5567,5; 8062,0; 10584,25; 13051,75; 10569,25; 8107,75; 10458,25; 1289,75; 10618,75; 5597,5; 365,25; -244,75; 651,0; 127,75; 
7955,96875; 11811,625; 11561,18359375; 5081,21875; 3997,28125; 8937,90625; 8966,5; 8023,0; 13107,25; 10639,75; 8152,0; 10531,0; 10561,0; 8150,5; 2976,25; 3100,75; 2976,25; 5588,5; 10588,75; 8065,0; 13042,0; 8074,0; 7996,0; 10561,0; 8071,0; 5621,5; 102,5; -148,25; 10608,25; 1043,0; 
10639,28125; 8098,375; 4246,703125; 7888,52294921875; 6391,84375; 5304,53125; 12794,96875; 3103,0; 10639,75; 2977,0; 5593,0; 13024,0; 3174,25; 8000,5; 7938,25; 3040,0; 8085,25; 10579,75; 8057,5; 3082,75; 5655,25; 8075,5; 7929,5; 8141,5; 10411,0; 2270,5; -76,5; -76,5; 583,0; -76,5; 
4177,75; 7924,99609375; 5281,46875; 10165,41015625; 11537,96875; 7609,0; 4985,3125; 5557,75; 10601,5; 8106,25; 2977,0; 5417,5; 7942,75; 10630,75; 8104,75; 8111,5; 7995,25; 8111,5; 5655,25; 10569,25; 5447,5; 5496,25; 5502,25; 7912,0; 2980,0; 10411,0; -25,0; 80,5; 706,5; 19,5; 
12788,74609375; 11549,21875; 6531,4375; 4091,03125; 11378,875; 12664,05126953125; 10000,5625; 13058,5; 3043,0; 10539,25; 10566,25; 5646,25; 5643,25; 10506,25; 10629,25; 10512,25; 5490,25; 5599,0; 10574,5; 3058,0; 10605,25; 8113,0; 13118,5; 5652,25; 5525,5; 2977,0; 185,0; -175,0; 0,75; 132,5; 
6892,9375; 11806,5625; 7959,09326171875; 6675,256408691406; 4127,27734375; 11543,359375; 4080,15625; 10475,5; 5620,75; 13002,25; 5580,25; 10480,75; 5562,25; 3107,5; 8107,75; 13048,75; 7979,5; 5572,0; 10602,25; 2914,0; 5536,75; 12997,75; 2875,75; 5605,75; 10532,5; 1972,5; -229,75; 259,5; 5,0; 254,75; 
4364,21875; 6812,03125; 5441,96875; 7959,6953125; 9055,919921875; 5331,53125; 8822,3125; 10516,75; 13082,5; 7999,0; 10579,75; 8032,0; 13156,0; 3165,25; 5646,25; 7984,0; 8110,0; 5509,75; 5504,5; 8112,25; 13072,0; 8111,5; 2914,0; 10562,5; 8058,25; 5438,5; 390,75; 546,75; 337,25; 593,5; 
11677,375; 6871,5625; 11875,75; 11486,96875; 10270,5625; 10167,71875; 6196,489990234375; 5659,75; 12928,0; 8040,25; 5395,0; 8046,25; 2977,75; 3118,0; 13068,25; 13074,25; 10478,5; 3097,0; 5661,25; 8146,0; 3143,5; 8119,0; 1624,75; 10378,75; 2974,0; 1170,25; -286,0; 312,0; 436,5; -107,0; 
6876,15625; 11865,90625; 10532,5; 6748,09375; 5485,421875; 5446,99609375; 11496,8125; 7976,5; 10559,5; 10577,5; 10582,0; 3079,0; 13025,5; 5638,0; 8119,0; 5604,25; 10556,5; 3180,25; 10591,75; 3134,5; 10603,75; 8062,0; 8033,5; 5551,75; 8142,25; 8030,5; 290,25; 850,25; 104,75; 131,5; 
6818,3125; 10457,86328125; 6503,1015625; 12794,21875; 4002,34375; 4074,625; 10287,4375; 5621,5; 8069,5; 12994,0; 8104,75; 13087,0; 5653,0; 8047,75; 5605,75; 5680,0; 10558,0; 5654,5; 8089,0; 10646,5; 5584,0; 10618,75; 7951,75; 13049,5; 8087,5; 7961,5; 84,25; 131,5; 10414,75; 232,25; 
13089,625; 5666,6875; 6812,875; 8123,65234375; 10306,1875; 5355,71875; 4069,75; 5627,5; 5671,0; 8087,5; 3133,0; 8093,5; 10607,5; 5649,25; 5605,75; 10657,0; 5661,25; 13111,0; 8114,5; 10602,25; 8086,75; 3124,0; 8122,75; 10577,5; 7945,75; 5649,25; -121,5; -73,25; 127,75; -230,75; 
9410,875; 9338,828125; 6524,5; 7828,1875; 5326,65625; 12727,1875; 10308,6484375; 10661,5; 3180,25; 5576,5; 10604,5; 8128,75; 10592,5; 8131,0; 13066,0; 3148,0; 13072,75; 10574,5; 10603,0; 10588,0; 10606,0; 13084,0; 10583,5; 10469,5; 8179,75; 5501,5; 342,5; 206,5; -104,25; 98,75; 
13070,5; 11834,96875; 5591,875; 11836,0234375; 11540,6875; 6592,75; 11547,8125; 5574,25; 10564,0; 5627,5; 8122,0; 10603,0; 5670,25; 5629,75; 8141,5; 10594,0; 13121,5; 8095,75; 13114,0; 10641,25; 13108,0; 5660,5; 12982,0; 8120,5; 5620,75; 10110,25; 31,75; 232,5; 78,0; 533,25; 
9369,0625; 6906,25; 9394,375; 10575,4375; 5547,25; 11724,6279296875; 10480,62109375; 3110,5; 8161,0; 3055,0; 13092,25; 5563,0; 8117,5; 8122,0; 3196,0; 13093,0; 5581,75; 5616,25; 2978,5; 5593,0; 10605,25; 8090,5; 5481,25; 12949,75; 10572,25; 10566,25; 3168,25; -24,0; 254,75; -450,5; 
6920,875; 6899,03125; 4132,84375; 6703,7034912109375; 12753,15625; 9029,4296875; 7780,65625; 10564,0; 5532,25; 8143,75; 3082,75; 10537,0; 5563,0; 13090,75; 10623,25; 10608,25; 10528,0; 13051,0; 8066,5; 8177,5; 3172,0; 8011,0; 5605,0; 3047,5; 7955,5; 10484,5; 402,25; 12916,0; 337,25; 13103,5; 
6734,3125; 4405,84375; 4309,75; 10459,375; 5592,14453125; 12576,15625; 5317,65625; 8054,5; 13147,0; 8138,5; 13020,25; 3152,5; 5638,75; 13101,25; 3038,5; 10648,75; 5671,75; 3089,5; 5660,5; 8035,75; 7963,0; 5627,5; 1075,0; 5462,5; 12974,5; 10568,5; 438,5; -130,0; 207,0; -314,25; 
4256,125; 13094,78125; 13026,53125; 4242,4375; 10523,01953125; 7841,59375; 11554,5625; 5643,25; 8114,5; 10496,5; 7999,75; 5552,5; 12958,0; 5502,25; 3163,75; 13061,5; 10549,0; 13066,0; 8124,25; 10588,75; 10522,0; 5638,75; 8012,5; 10518,25; 3157,0; 5499,25; 303,0; 381,25; -290,25; 234,0; 
13128,47265625; 8099,5; 10582,1875; 4178,06640625; 10448,875; 10364,9453125; 12729,34375; 5440,0; 10447,0; 8080,75; 2977,75; 3089,5; 3028,0; 8083,0; 5640,25; 7993,75; 8021,5; 10608,25; 3098,5; 10545,25; 10564,75; 12969,25; 10432,75; 3182,5; 1898,0; 8045,5; 329,25; 153,0; 10661,5; -233,5; 
4374,93408203125; 6684,15625; 11711,41796875; 6588,4375; 5260,65625; 5141,5234375; 11454,34375; 5655,25; 8095,0; 5593,0; 8163,25; 8108,5; 13016,5; 2976,25; 5656,0; 10505,5; 8092,0; 8108,5; 5659,75; 8091,25; 5495,5; 8148,25; 13066,0; 13069,0; 8012,5; 8140,0; 185,5; 1154,5; -436,5; 153,0; 
13096,0; 9363,625; 11766,4375; 4108,17724609375; 9053,41796875; 10164,4375; 12454,65625; 8086,0; 8110,0; 10552,75; 5554,0; 10582,0; 10484,5; 8116,0; 10572,25; 5447,5; 7954,0; 13061,5; 7971,25; 3041,5; 13012,0; 8053,75; 3160,75; 10570,0; 7963,0; 10637,5; -24,0; 263,25; -21,75; 356,75; 
8127,625; 10582,1875; 5634,25; 10516,08203125; 7948,6796875; 10290,8125; 5336,875; 10528,0; 7970,5; 10551,25; 5651,5; 10512,25; 8061,25; 5578,75; 8095,75; 5451,25; 8119,0; 10549,0; 10552,0; 5591,5; 8116,0; 5646,25; 5593,0; 10568,5; 5608,0; 12862,0; 80,5; 488,5; 185,5; -454,25; 
6793,375; 12755,5234375; 3996,8125; 10199,5; 6494,03125; 5273,5; 12703,75; 7985,5; 7975,0; 10552,75; 13028,5; 5585,5; 7972,75; 8110,0; 10509,25; 8087,5; 13033,0; 10561,75; 5556,25; 7927,0; 5523,25; 10433,5; 10520,5; 684,75; 5534,5; 8089,0; -310,0; 154,5; 650,0; -27,75; 
6717,625; 9310,9375; 5595,4404296875; 4298,96875; 12734,59375; 4049,59375; 6577,1875; 8097,25; 5513,5; 10487,5; 5516,5; 3085,0; 5444,5; 5471,5; 5509,0; 10579,0; 7976,5; 10528,0; 8117,5; 2978,5; 8119,0; 10542,25; 10588,0; 5414,5; 13006,0; 2814,25; -229,75; 128,25; -77,5; -237,25; 
10429,375; 13010,69921875; 10209,625; 5303,875; 11493,53125; 9006,25; 8935,9375; 8095,0; 3055,0; 10600,0; 10543,0; 10551,25; 10505,5; 13055,5; 5470,0; 8077,0; 5572,0; 10530,25; 13022,5; 8119,0; 13006,0; 5573,5; 3105,25; 12958,0; 7933,75; 12993,25; 104,75; 10513,75; 232,25; -450,5; 
10558,1875; 8101,1875; 13051,96240234375; 5581,0; 4343,78125; 4260,625; 10349,06640625; 8089,0; 13042,0; 13042,0; 13056,25; 5556,25; 10573,75; 10575,25; 10554,25; 13039,0; 10566,25; 8041,0; 2977,75; 10580,5; 5555,5; 10564,0; 2986,0; 13096,75; 5680,0; 5653,0; -64,0; 229,0; 489,0; 5625,25; 
9320,96875; 9338,03125; 6866,995300292969; 6800,125; 4320,625; 10550,5; 10197,4375; 5594,5; 10522,75; 3087,25; 5608,0; 3186,25; 10579,75; 5578,0; 10604,5; 10543,0; 5584,0; 13090,0; 5657,5; 10554,25; 13038,25; 5535,25; 13057,0; 3028,0; 10507,75; 5666,5; -108,5; -27,75; -320,25; 8020,0; 
6888,25; 7988,875; 10567,28125; 4106,3125; 4025,59375; 7674,90625; 8998,9375; 10637,5; 5578,0; 13051,75; 10558,0; 10579,0; 10441,0; 3107,5; 3122,5; 5642,5; 5578,75; 8113,0; 5641,75; 3061,0; 10556,5; 10558,0; 10561,0; 5676,25; 10549,75; 5557,75; 290,0; -446,75; -244,75; 80,0; 
13063,09375; 4113,0625; 10217,875; 8999,91015625; 11552,125; 9038,5; 6565,375; 8044,0; 10558,0; 5619,25; 5613,25; 10638,25; 5629,75; 10575,25; 3087,25; 13031,5; 13042,0; 10557,25; 13124,5; 8044,0; 8077,0; 8117,5; 8100,25; 2993,5; 7972,0; 10432,0; -107,0; -233,5; -26,0; -301,5; 
10609,5625; 5645,51171875; 13024,0; 11814,0625; 9166,890625; 10334,40625; 6543,15625; 8062,0; 13030,0; 10584,25; 3058,0; 5635,0; 5625,25; 5645,5; 8158,0; 8060,5; 10621,75; 10540,0; 8137,0; 10591,75; 5665,75; 10624,75; 10495,75; 5397,25; 5646,25; 8147,5; 284,0; -7,25; 712,0; 176,5; 
5639,875; 8101,75; 9184,6328125; 9087,71875; 11518,46875; 4106,9453125; 10295,59375; 5618,5; 8144,5; 5641,75; 10599,25; 5643,25; 13090,75; 8080,75; 5646,25; 13027,0; 3122,5; 13084,0; 3064,0; 13074,25; 8083,0; 13074,25; 5413,75; 2977,75; 8041,75; 5341,0; 262,5; -193,75; 80,5; -316,5; 
5627,96875; 4421,5; 11822,03125; 13093,28125; 10531,0; 11614,05859375; 4100,40625; 8117,5; 5650,0; 3178,0; 8068,75; 10525,75; 5662,0; 5659,0; 3070,0; 5645,5; 13060,0; 10411,75; 5590,75; 8104,0; 5669,5; 3190,0; 5412,25; 8033,5; 8056,75; 1737,25; 441,75; 153,0; 10613,5; 698,5; 
8065,41015625; 11826,625; 12916,50390625; 4165,00732421875; 12751,9375; 4037,5; 7773,34375; 10618,0; 5566,75; 13102,75; 7996,75; 8127,25; 5646,25; 8086,75; 8078,5; 5454,25; 5584,0; 5590,75; 13048,75; 10557,25; 5591,5; 8135,5; 7852,0; 5467,0; 2968,0; 1803,5; 8045,5; -121,5; 8134,0; -84,0; 
5569,84375; 10568,96875; 10540,06298828125; 13070,9921875; 4252,703125; 6507,625; 11507,40625; 8170,75; 13117,0; 5653,0; 8140,0; 5662,75; 5572,0; 13111,0; 10485,25; 3158,5; 5680,0; 8028,25; 5657,5; 8104,75; 13070,5; 12965,5; 3112,0; 12894,25; 10654,0; 10543,0; 197,5; 31,75; 349,75; 380,75; 
5651,5; 10615,0; 6670,2490234375; 11870,3125; 6876,8125; 9082,28125; 6688,17578125; 13067,5; 10619,5; 5392,0; 10567,0; 8111,5; 10659,25; 10585,0; 5467,75; 3175,0; 2983,0; 3175,0; 5539,0; 5528,5; 8144,5; 8130,25; 8097,25; 10624,75; 12962,5; 1387,25; 181,75; -324,0; 105,75; -20,75; 
13014,8125; 11818,1875; 10425,7890625; 8908,65625; 10329,71875; 4126,5625; 10252,375; 8164,0; 8132,5; 5665,75; 5635,0; 3187,0; 8015,5; 8120,5; 13096,0; 8044,0; 10606,75; 3157,0; 10523,5; 7946,5; 5572,0; 5609,5; 5391,25; 1052,5; 5607,25; 7885,0; 146,0; 217,5; -63,5; -446,75; 
5663,5; 11850,6015625; 9020,5234375; 11587,09375; 7786,9375; 12749,8486328125; 7728,58984375; 8149,75; 5667,25; 13120,75; 2890,75; 5662,75; 13072,0; 10626,25; 8134,0; 8132,5; 10597,75; 5413,75; 10600,0; 8138,5; 3145,0; 10519,75; 13120,75; 8114,5; 8065,0; 7972,75; 436,5; 206,5; 185,0; -193,75; 
5539,09375; 8114,59375; 10644,625; 6774,1060791015625; 5379,2001953125; 5454,26171875; 9065,40625; 3100,75; 8104,0; 13053,25; 10507,0; 5664,25; 5664,25; 5524,75; 5485,75; 3117,25; 8080,0; 8161,0; 8147,5; 5687,5; 5465,5; 8065,75; 5394,25; 3187,0; 5662,0; 10584,25; 197,5; 780,5; 158,25; -190,0; 
10612,65625; 9057,203125; 10327,65625; 6575,125; 10120,17578125; 7514,125; 10006,1875; 8134,0; 10591,0; 10591,0; 8138,5; 12892,75; 10606,0; 8161,0; 5651,5; 10632,25; 8149,75; 8122,0; 5589,25; 10541,5; 8152,75; 13013,5; 8059,0; 10600,0; 13124,5; 5587,0; 157,25; 110,0; 206,5; -108,5; 
4146,8125; 8053,9375; 4335,71875; 10215,15625; 10287,33203125; 11501,125; 11537,125; 10482,25; 5662,75; 12817,0; 8101,0; 5608,75; 5631,25; 13012,75; 8162,5; 3121,0; 8105,5; 5623,75; 7973,5; 3118,0; 5664,25; 13105,0; 1432,75; 10659,25; 7999,0; 7693,0; 503,0; 463,75; -156,75; -81,75; 
10534,0; 8098,09375; 4333,0; 11657,265625; 9160,515625; 6603,53125; 3915,15625; 8144,5; 10620,25; 10601,5; 10636,0; 8119,75; 3129,25; 5675,5; 7906,0; 12889,75; 8011,75; 8153,5; 5656,0; 3148,0; 3155,5; 8167,75; 5555,5; 1066,75; 7967,5; 7999,75; 105,75; -26,0; 254,75; 78,0; 
4074,34375; 9197,283203125; 11587,375; 6494,78125; 11412,0625; 7825,0; 12563,939453125; 12996,25; 5683,75; 8080,0; 10573,0; 5608,75; 8055,25; 8045,5; 10657,75; 5675,5; 8078,5; 7906,0; 3155,5; 13153,0; 3178,0; 8161,0; 10697,5; 8096,5; 8149,75; 5476,75; 63,0; -244,75; -130,0; -81,75; 
5419,375; 8101,28125; 4313,367431640625; 6706,796875; 4169,7578125; 5356,9375; 7768,46875; 10660,0; 3163,0; 8113,0; 5575,0; 8162,5; 10606,0; 5547,25; 10599,25; 3176,5; 3181,0; 5668,75; 8032,75; 10490,5; 5680,75; 2892,25; 8159,5; 10621,75; 5644,0; 8101,0; 181,75; 303,5; 172,25; -31,5; 
11507,5; 5318,96875; 11544,625; 11581,65625; 4065,0625; 6156,8125; 8710,1875; 8056,0; 8101,0; 12892,0; 5645,5; 13100,5; 10660,75; 10579,0; 5650,0; 5669,5; 3099,25; 10507,0; 12894,25; 5645,5; 5490,25; 3133,75; 13075,0; 10495,0; 8113,0; 5668,75; -450,5; 272,0; 436,0; 163,75; 
9340,5625; 11840,125; 11649,53125; 5625,625; 4232,20703125; 9161,078125; 9029,6875; 5535,25; 13117,75; 10606,0; 8127,25; 10617,25; 5593,75; 8111,5; 12982,0; 12893,5; 10591,0; 5581,75; 10487,5; 5494,0; 8114,5; 10357,0; 8128,75; 3070,0; 7917,25; 8015,5; 386,5; 251,0; 75,25; 499,5; 
10528,09375; 9351,25; 4371,4375; 9209,265625; 11614,69140625; 7835,40625; 10228,0; 5626,75; 10502,5; 8100,25; 10612,75; 10658,5; 3170,5; 10574,5; 13045,0; 7990,0; 10606,75; 3115,0; 8159,5; 5629,0; 3121,0; 8171,5; 7983,25; 10552,75; 5674,0; 1410,75; -179,25; 432,75; 185,5; 27,0; 
9269,125; 11609,58642578125; 6558,8125; 7832,59375; 5357,59375; 5292,4375; 8966,21875; 5547,25; 8110,0; 10657,75; 8030,5; 8032,75; 5650,0; 12886,75; 8018,5; 5395,75; 5673,25; 5594,5; 8110,75; 3168,25; 10618,0; 8060,5; 12982,75; 10640,5; 1226,25; 10468,0; 646,0; 13073,5; 7924,0; 436,5; 
6865,5625; 9373,46875; 5629,84375; 10362,823303222656; 10320,34375; 4118,6875; 3938,125; 10507,0; 8080,0; 8126,5; 13156,0; 10645,0; 3154,0; 5648,5; 5665,75; 13096,0; 3156,25; 13030,75; 3115,0; 3161,5; 10545,25; 5673,25; 12939,25; 1726,25; 1794,75; 13100,5; 2917,0; -6,25; 290,0; 290,25; 
5542,0; 13101,4375; 6860,875; 5591,59375; 10426,28125; 4085,125; 6487,28125; 10468,75; 8129,5; 10402,0; 5599,0; 10465,75; 10613,5; 10548,25; 10561,75; 8110,0; 10654,0; 5672,5; 10360,75; 8123,5; 10530,25; 12841,75; 1345,25; 5216,25; 10495,0; 13096,0; 181,75; -167,0; 278,0; -52,75; 
4214,0546875; 6896,125; 6797,21875; 4104,25; 4054,9375; 12524,59375; 11577,53125; 10504,75; 13075,75; 8033,5; 10596,25; 13030,0; 3103,0; 10626,25; 8118,25; 13108,75; 10608,25; 10630,0; 13156,0; 10576,0; 8027,5; 10657,0; 1500,5; 3175,0; 3049,0; 10607,5; 440,5; 337,25; -237,25; 7930,0; 
9173,5; 6874,09375; 11867,59375; 10592,125; 4264,94921875; 7956,56640625; 6593,125; 10487,5; 5621,5; 3133,0; 5617,0; 13070,5; 5636,5; 10660,0; 13048,0; 7990,0; 8173,0; 8002,0; 7949,5; 10659,25; 10626,25; 5661,25; 5446,75; 13038,25; 5676,25; 5472,25; 698,5; -446,75; 185,0; 78,0; 
6801,0625; 5528,125; 6845,78125; 7924,57421875; 11507,5; 8885,03125; 12777,15625; 3188,5; 13109,5; 5683,75; 3124,0; 3089,5; 7999,0; 8160,25; 3042,25; 10620,25; 3131,5; 10595,5; 5621,5; 8126,5; 3085,0; 5580,25; 10628,5; 1467,5; 1582,25; 2068,0; 290,0; 101,5; 80,0; 104,75; 
6889,9375; 5626,26953125; 7918,5625; 10167,0625; 11589,90625; 10288,5625; 11379,00390625; 5650,0; 10612,0; 10610,5; 8064,25; 10638,25; 3138,25; 3127,75; 5658,25; 8157,25; 10539,25; 3169,0; 10527,25; 8167,75; 7995,25; 5580,25; 5545,75; 10575,25; 13051,75; 13033,0; 131,5; 210,75; -230,75; 786,5; 
6736,46875; 13109,125; 4188,61328125; 7937,00048828125; 9062,78125; 10287,625; 9056,3125; 8137,0; 10571,5; 8039,5; 3184,0; 10657,0; 8168,5; 5684,5; 5650,0; 5629,75; 10478,5; 3136,75; 5680,0; 8104,0; 5589,25; 8014,0; 10554,25; 3087,25; 8113,0; 8129,5; 229,0; -107,0; -316,5; 75,25; 
13066,890625; 10352,875; 7713,8125; 9059,78125; 4096,5625; 12709,328125; 3881,34765625; 3178,0; 8176,0; 5574,25; 10566,25; 8099,5; 13129,0; 8167,0; 5501,5; 7987,75; 13066,0; 5654,5; 5658,25; 8014,0; 5582,5; 10555,0; 5530,0; 5526,25; 10556,5; 1534,25; -233,5; -233,5; 15,75; -76,5; 
9351,25; 13061,611328125; 4405,75; 4314,291015625; 12705,90625; 3820,1875; 7765,0; 13105,0; 5602,0; 3148,0; 3127,0; 10601,5; 5632,75; 5628,25; 10657,0; 8107,75; 5617,75; 3155,5; 13078,0; 8165,5; 7979,5; 8154,25; 5610,25; 10428,25; 8024,5; 7916,5; -121,5; -25,0; -175,0; 127,75; 
10573,375; 9372,25; 9404,326416015625; 4170,23828125; 10300,75; 6589,9375; 7585,65625; 10546,75; 10603,75; 7972,0; 13108,0; 8159,5; 8135,5; 7822,75; 13118,5; 10599,25; 3124,75; 5625,25; 5539,0; 8127,25; 5388,25; 10658,5; 977,0; 5622,25; 12949,0; 10624,0; 1221,25; 395,0; -233,5; -233,5; 
6814,5625; 6859,375; 13049,125; 12657,4375; 5122,75; 6588,34375; 6579,90625; 5639,5; 10612,75; 10579,75; 12976,0; 5617,0; 2977,75; 8160,25; 8144,5; 10591,0; 5541,25; 5604,25; 5632,75; 3178,0; 13098,25; 7992,25; 5677,75; 10481,5; 13012,0; 8136,25; 412,75; 247,0; -33,0; 10561,75; 
6902,78125; 7930,140625; 10474,75; 12950,125; 5583,9296875; 11572,09375; 5276,875; 8144,5; 10562,5; 5593,0; 5593,0; 8100,25; 8161,75; 10498,75; 5647,75; 10569,25; 8124,25; 5665,75; 13118,5; 10591,75; 3143,5; 8137,0; 10603,75; 2884,0; 7989,25; 7970,5; -27,75; 546,75; 5641,0; 180,75; 
13017,4375; 9167,640625; 4147,76171875; 12767,59375; 12757,09375; 7675,65625; 6476,3125; 5576,5; 5666,5; 10569,25; 3182,5; 5586,25; 5552,5; 8146,75; 3137,5; 8176,0; 13069,0; 8104,0; 5624,5; 5581,0; 8018,5; 10531,75; 7985,5; 10563,25; 13121,5; 10559,5; 140,75; 334,0; 229,0; -63,5; 
13099,9375; 13066,375; 6903,9296875; 6787,94921875; 4375,38671875; 5263,65625; 6405,15625; 3196,0; 8124,25; 5575,75; 5603,5; 13067,5; 10573,0; 3152,5; 8131,75; 5599,0; 10606,0; 3097,75; 10566,25; 8120,5; 10603,75; 8057,5; 13035,25; 10622,5; 10646,5; 10590,25; 185,0; -104,25; 535,25; -237,25; 
10595,6171875; 9321,4375; 11821,421875; 10489,28125; 3870,0625; 5083,1875; 9059,5; 10402,0; 8129,5; 10636,75; 13123,0; 8042,5; 3184,75; 5620,75; 5608,75; 5636,5; 3190,75; 5392,0; 2815,0; 5528,5; 5624,5; 3155,5; 8150,5; 5626,0; 8081,5; 7994,5; -81,75; -241,0; -77,5; -33,0; 
11871,25; 9198,677734375; 9055,09375; 11556,8271484375; 6540,28515625; 11299,375; 5193,1796875; 5536,75; 10551,25; 10537,75; 10395,25; 8029,75; 3145,0; 5593,0; 8150,5; 8141,5; 3146,5; 10639,75; 8055,25; 8168,5; 3134,5; 8107,75; 5444,5; 2911,0; 5593,75; 10579,0; -443,0; 669,75; 215,5; 141,0; 
4131,53125; 6715,7283935546875; 6590,546875; 4069,84375; 11567,5; 4094,78125; 7797,71875; 5584,75; 10576,0; 7972,0; 5638,75; 8088,25; 8143,0; 8133,25; 8108,5; 5665,75; 10642,75; 5638,75; 5646,25; 8039,5; 8152,0; 10618,0; 1108,25; 4519,0; 3031,0; 13037,5; 5,0; 104,75; 369,5; 181,75; 
13088,6875; 7860,0625; 7811,21875; 4003,0; 7770,25; 3761,875; 11253,625; 10638,25; 10623,25; 8137,75; 8150,5; 5599,75; 13132,0; 5644,75; 5589,25; 3133,0; 3181,0; 10546,75; 10618,0; 10494,25; 10539,25; 5623,75; 10496,5; 2966,5; 3154,0; 5557,75; 132,5; 136,75; -237,25; -76,5; 
11876,875; 10596,0859375; 7844,828125; 9054,90625; 12828,90625; 4090,0; 5278,46875; 8153,5; 10604,5; 5623,75; 5635,0; 5659,75; 5596,75; 13086,25; 8113,0; 5605,0; 3180,25; 3127,0; 10591,0; 5662,75; 8166,25; 3181,0; 8108,5; 8170,75; 10501,75; 10620,25; 232,25; 26,5; 290,0; -183,5; 
8103,15625; 4373,11328125; 6675,484375; 10333,28125; 6577,9375; 9011,0107421875; 5319,25; 10605,25; 5671,75; 8147,5; 8147,5; 5613,25; 8134,0; 8129,5; 13087,0; 5620,75; 13093,0; 5665,75; 3191,5; 8137,0; 8131,75; 5575,75; 5528,5; 1369,25; 10447,0; 1742,75; 19,5; 15,75; 2917,0; 176,5; 
8126,125; 9382,0; 7844,78125; 12641,125; 6478,03515625; 5082,3763427734375; 12522,0625; 5608,0; 10522,75; 13092,25; 13132,0; 5654,5; 10488,25; 3157,0; 8124,25; 13046,5; 10590,25; 2979,25; 13074,25; 10585,0; 5587,75; 8152,0; 3175,0; 8179,0; 5548,75; 5617,75; 5,0; 10492,75; 13086,25; 436,5; 
13095,25; 13112,03125; 5438,40625; 4425,53125; 8115,8125; 4098,390625; 10462,2578125; 10556,5; 8017,0; 8053,0; 8099,5; 8132,5; 5539,0; 10642,0; 7987,0; 8002,75; 5570,5; 8146,0; 10512,25; 8092,0; 5597,5; 8059,0; 10507,0; 5443,0; 13050,25; 13060,0; 210,75; -454,25; 80,0; 2111,5; 
4417,12890625; 8142,90625; 13057,375; 5595,53125; 6545,875; 7650,4375; 12718,65625; 10557,25; 5470,0; 8081,5; 8115,25; 8125,75; 13036,0; 13093,75; 5561,5; 10555,0; 5445,25; 5612,5; 3166,0; 10447,75; 3100,75; 5590,75; 2974,0; 2987,5; 5632,0; 10155,0; -156,75; 311,5; 185,0; 210,75; 
7959,34375; 13064,546875; 8104,0; 5600,95703125; 5332,65625; 5187,25; 12662,59375; 10462,75; 10584,25; 8114,5; 8037,25; 10476,25; 3043,0; 13026,25; 8075,5; 10592,5; 2914,0; 8104,0; 10555,0; 8052,25; 8029,0; 8046,25; 8005,75; 10536,25; 13027,0; 7984,75; 7900,0; 197,5; 337,25; 163,75; 
4410,443359375; 11797,0; 10466,78125; 5450,32421875; 12755,3125; 11486,03125; 3963,625; 10531,0; 5578,75; 5443,0; 7991,5; 5585,5; 5609,5; 10521,25; 3116,5; 10549,75; 8012,5; 10620,25; 10525,75; 10492,0; 5641,75; 10564,0; 3182,5; 10639,75; 2926,0; 5629,0; -48,5; -241,0; 1691,25; 180,75; 
10483,1640625; 7898,125; 6607,50390625; 4123,46875; 8969,78125; 7663,0; 7730,21875; 8097,25; 5642,5; 10540,75; 8161,0; 10549,75; 10501,75; 3176,5; 5641,75; 10597,75; 5653,75; 10383,25; 13025,5; 5617,75; 3097,0; 7982,5; 12709,0; 13108,0; 10405,0; 5647,75; 553,0; 706,25; 541,0; 184,0; 
10630,0; 5511,0625; 7783,5; 5347,46875; 7666,46875; 5265,34375; 8933,21875; 10653,25; 13060,0; 5608,0; 8104,0; 10631,5; 5539,0; 10484,5; 5396,5; 8117,5; 13048,75; 8138,5; 5632,75; 10602,25; 8131,0; 8062,75; 3124,75; 1483,0; 5405,5; 2476,75; 180,75; 78,0; 527,5; 919,0; 
11805,25; 13087,46875; 10125,15625; 10102,9375; 4120,0; 12775,28125; 11569,5625; 13069,0; 13074,25; 5607,25; 13150,0; 2893,75; 5651,5; 13087,75; 8131,75; 10615,0; 10626,25; 10662,25; 8138,5; 8129,5; 8137,0; 3112,0; 1397,75; 3080,5; 5442,25; 10632,25; 159,5; 185,0; -129,0; 5,0; 
13046,5; 6900,34375; 11848,43359375; 10576,28125; 8053,75; 8105,91015625; 9123,15625; 10618,75; 10595,5; 5675,5; 5663,5; 5661,25; 10637,5; 5647,0; 13078,0; 10612,0; 10600,0; 10654,0; 5655,25; 5678,5; 8147,5; 3193,0; 7888,75; 13027,0; 12997,0; 8056,75; -283,25; 7641,0; 358,75; 698,5; 
4428,625; 5521,5625; 13018,0; 4118,125; 11700,30419921875; 11514,625; 11568,0625; 10622,5; 5661,25; 7930,0; 10550,5; 5423,5; 10600,0; 8151,25; 8092,0; 3175,0; 3049,75; 5450,5; 8038,75; 10601,5; 5684,5; 5512,75; 3127,0; 13122,25; 2894,5; 12973,0; 279,5; -114,5; -314,25; 102,5; 
11894,40625; 11775,625; 4237,75; 12962,788024902344; 11646,8828125; 11635,703125; 12808,1875; 2995,75; 13097,5; 5614,75; 5667,25; 8138,5; 5662,75; 5663,5; 5680,0; 13134,25; 5541,25; 8032,75; 10632,25; 8128,0; 13004,5; 13053,25; 1316,25; 3098,5; 13010,5; 5389,75; 290,0; 436,0; -233,5; 857,25; 
9310,28125; 13006,5625; 4390,28125; 13033,9375; 7967,3125; 6836,348503112793; 5633,1484375; 5678,5; 2978,5; 10612,0; 10635,25; 10660,0; 13012,0; 13132,75; 10631,5; 10561,0; 5668,0; 8141,5; 3175,75; 13103,5; 8155,75; 10629,25; 7975,0; 10647,25; 5607,25; 8058,25; 181,75; -67,25; 228,0; 0,75; 
13104,71875; 13074,4375; 11760,3671875; 4208,5; 8089,4453125; 8994,625; 9066,53125; 13124,5; 5677,0; 10547,5; 8126,5; 8059,0; 13048,0; 5390,5; 10611,25; 5558,5; 8126,5; 8107,0; 10441,0; 3178,0; 5603,5; 10641,25; 10540,75; 5686,75; 2797,75; 13010,5; -233,5; 698,5; 245,75; 5650,0; 
5667,0625; 4380,21484375; 10596,5546875; 4323,625; 10458,4375; 6495,1708984375; 11552,03125; 10602,25; 3187,75; 8142,25; 8134,0; 5607,25; 8122,75; 3181,0; 3109,0; 5609,5; 8105,5; 3073,0; 3131,5; 10609,0; 5669,5; 7944,25; 7963,0; 8132,5; 10654,75; 3122,5; 546,75; 290,0; -324,0; 334,0; 
7943,25390625; 9051,71875; 6549,625; 6588,15625; 9052,3193359375; 7582,6796875; 6270,15625; 13032,25; 5563,75; 10655,5; 10621,75; 5656,75; 5607,25; 5658,25; 10582,75; 5654,5; 5410,0; 13102,0; 5619,25; 3112,0; 13090,75; 5396,5; 8120,5; 5390,5; 5440,0; 10597,0; 28,0; -446,75; -121,5; 303,0; 
12888,25; 9370,46875; 5594,78125; 5335,5625; 12775,46875; 5347,75; 6590,96875; 8152,0; 5596,75; 8045,5; 8000,5; 8141,5; 10618,75; 13046,5; 8153,5; 5661,25; 10657,0; 5589,25; 3133,0; 3152,5; 5684,5; 8023,75; 3061,0; 7799,0; 5638,75; 8120,5; 185,0; 185,0; -52,75; 120,25; 
8099,6875; 13075,65625; 13044,68359375; 5351,125; 6595,84375; 3953,93359375; 9932,3125; 3193,0; 5569,75; 5670,25; 13015,0; 5680,0; 8127,25; 8108,5; 3196,0; 8102,5; 13090,75; 13126,0; 10602,25; 10632,25; 10657,0; 10592,5; 7970,5; 13114,75; 5476,0; 3117,25; 279,5; -316,5; 19,5; 530,0; 
9388,0; 4425,34375; 5664,71875; 6851,20703125; 10634,46044921875; 11841,625; 7826,875; 3187,0; 13074,25; 8137,0; 5599,0; 3190,75; 10576,75; 12979,75; 5624,5; 5671,75; 8165,5; 13087,0; 13150,0; 10601,5; 5626,0; 5668,75; 7931,5; 8035,0; 5408,5; 3166,0; -446,75; 158,25; 606,5; 1255,25; 
9376,75; 10542,25; 9398,03125; 4350,71875; 10458,578125; 12769,932556152344; 11532,4375; 3157,0; 5674,75; 8158,0; 8138,5; 8065,0; 10612,0; 13087,0; 10519,0; 8158,0; 10614,25; 8171,5; 5629,0; 10543,75; 10605,25; 8048,5; 5542,0; 10378,75; 10607,5; 2893,0; -233,5; 49,0; 494,25; 98,75; 
11804,5; 8095,116569519043; 4219,6796875; 11541,53125; 7771,375; 10290,8125; 9062,40625; 13078,75; 13111,0; 8116,0; 5668,0; 3196,0; 5647,0; 5602,0; 5658,25; 8137,0; 10520,5; 8171,5; 10620,25; 5631,25; 5665,0; 3196,0; 3053,5; 2824,0; 8017,0; 7982,5; 441,75; -316,5; -241,0; 5683,75; 
4423,75; 9364,46875; 7981,1875; 10400,81640625; 7828,28125; 9055,5625; 6499,7265625; 3196,0; 5651,5; 13046,5; 8024,5; 8161,0; 13084,0; 5628,25; 10602,25; 10357,0; 5621,5; 10645,0; 3172,0; 10621,0; 5614,75; 13045,0; 12944,5; 1459,0; 5562,25; 2558,75; 402,25; -279,0; 184,0; 489,0; 
9376,0; 13007,6875; 9374,125; 12978,4375; 7844,125; 10304,875; 7827,53125; 12949,75; 13099,75; 10507,0; 8066,5; 5647,0; 8128,0; 8162,5; 13059,25; 5671,0; 8101,0; 10513,0; 8030,5; 8166,25; 8138,5; 8143,0; 5661,25; 8017,75; 5414,5; 7981,0; 797,75; 406,0; 5662,0; -159,5; 
4424,96875; 4398,90625; 13071,8359375; 4298,0546875; 4229,96875; 9008,5; 11552,5; 5645,5; 5656,0; 3187,75; 8026,0; 8060,5; 8108,5; 13045,0; 12961,75; 8152,75; 7970,5; 5635,75; 5612,5; 13126,75; 5620,0; 10515,25; 10417,75; 10332,25; 8099,5; 7937,5; 224,25; 19,5; 88,75; -29,25; 
8146,46875; 11775,2294921875; 11815,75; 12953,59375; 11692,9375; 7616,78125; 7697,21875; 5470,0; 8130,25; 5665,0; 13045,75; 5671,0; 8090,5; 13093,0; 10531,0; 13089,25; 3107,5; 7987,0; 5668,75; 5563,0; 10602,25; 13064,5; 13180,0; 10437,25; 10606,75; 5670,25; 176,5; 409,0; 116,0; 500,5; 
10590,25; 9334,0; 4427,40625; 10561,1875; 4373,96875; 5545,19921875; 7890,34375; 2972,5; 8128,0; 10599,25; 5589,25; 13053,25; 3188,5; 13031,5; 10649,5; 8151,25; 7993,75; 8126,5; 10545,25; 10412,5; 10561,0; 5658,25; 5662,75; 695,0; 10426,75; 12889,0; 132,5; -33,5; 110,0; 80,0; 
13085,40625; 4352,6875; 12860,125; 12829,5625; 6533,03125; 9007,28125; 6517,0234375; 5668,0; 5648,5; 8068,0; 7967,5; 8120,5; 10600,0; 10609,75; 13122,25; 7856,5; 5645,5; 7984,0; 10605,25; 10587,25; 5535,25; 10659,25; 5444,5; 13045,75; 10654,75; 5470,75; 146,0; 276,0; -271,25; -2,5; 
10604,03125; 11806,17578125; 6833,59375; 5349,765625; 11836,8203125; 10252,65625; 6562,46875; 5675,5; 5656,75; 5656,75; 10528,75; 5494,75; 10618,75; 10624,0; 10529,5; 10654,0; 5517,25; 5472,25; 8133,25; 10575,25; 13048,0; 10492,0; 1296,0; 5604,25; 8129,5; 5527,0; 251,0; -148,25; 290,0; 245,0; 
12993,625; 12953,2275390625; 6707,14697265625; 6587,875; 5300,5; 7835,59375; 7812,37890625; 3118,0; 5667,25; 8168,5; 8126,5; 3190,0; 5658,25; 13078,0; 10592,5; 13064,5; 13093,0; 10600,75; 5674,75; 5667,25; 5673,25; 13072,0; 1015,5; 5566,75; 10539,25; 10656,25; 10541,5; -445,0; 157,25; -25,0; 
5671,75; 9372,25; 4412,125; 11718,8125; 5513,828125; 13117,528442382812; 5372,40625; 10530,25; 10513,75; 10617,25; 10606,0; 5563,75; 3146,5; 3105,25; 13077,25; 8129,5; 13108,0; 10615,0; 3073,0; 5650,75; 10551,25; 10648,75; 7918,0; 8170,0; 7997,5; 10561,75; 803,0; 279,5; 228,0; 102,5; 
9406,816055297852; 10424,125; 4376,40625; 4192,7265625; 5348,21875; 11507,78125; 4112,875; 5668,0; 7917,25; 13115,5; 5619,25; 8161,75; 8161,0; 5665,75; 10648,75; 10643,5; 8154,25; 5653,75; 10404,25; 5667,25; 5617,0; 10652,5; 13111,0; 5376,25; 13129,0; 8050,0; 263,25; 494,25; -24,0; 436,5; 
8111,125; 11867,3125; 11861,875; 7867,97265625; 9070,9375; 6593,21875; 4103,6875; 10557,25; 5654,5; 8143,75; 13126,0; 8138,5; 10520,5; 13032,25; 10409,5; 8140,0; 5555,5; 2909,5; 3187,0; 10617,25; 10607,5; 13123,0; 12811,0; 5501,5; 7611,0; 5560,0; 395,0; 210,0; 302,75; 1924,0; 
13130,875; 9259,75; 11871,90625; 10520,5; 11696,2890625; 12953,734375; 10269,53125; 10600,0; 5468,5; 13176,25; 13102,75; 10528,0; 13117,0; 10636,0; 2971,75; 10606,0; 10657,75; 8060,5; 8095,75; 8173,0; 10398,25; 5595,25; 3105,25; 10434,25; 10530,25; 13124,5; -221,5; 110,0; 333,5; 5489,5; 
11624,40625; 7969,984375; 13143,0625; 6826,375; 10475,96875; 11848,216796875; 11739,61328125; 5602,75; 5395,75; 13135,75; 5539,0; 13117,0; 12814,0; 8174,5; 13105,0; 8014,0; 10642,75; 8096,5; 3106,0; 13129,0; 3035,5; 5603,5; 5594,5; 8035,75; 8119,0; 2893,0; -93,0; 337,25; -31,5; 19,5; 
9308,7578125; 5542,09375; 11867,875; 9363,625; 9209,125; 11573,125; 7952,527099609375; 5615,5; 2965,75; 13115,5; 8105,5; 3110,5; 8113,0; 5607,25; 8119,0; 8111,5; 13117,75; 8111,5; 5605,0; 8110,0; 13129,75; 10604,5; 3180,25; 8125,0; 890,75; 8003,5; 331,0; -36,75; 1159,75; 342,5; 
13126,84375; 11861,96875; 6861,4375; 10473,859375; 7700,640625; 11542,1875; 3885,203125; 8110,75; 8116,0; 7969,0; 10618,0; 5599,0; 8101,0; 10609,0; 3100,0; 5603,5; 8056,75; 10612,0; 10537,0; 10478,5; 10615,0; 13116,25; 10390,0; 1319,75; 8051,5; 10623,25; -183,5; -73,25; 389,25; 999,0; 
8118,73046875; 11836,28125; 9220,99609375; 10371,6484375; 7862,40625; 5300,125; 11551,75; 5396,5; 10628,5; 3100,75; 8116,0; 13101,25; 8093,5; 10629,25; 7997,5; 13129,0; 5568,25; 5607,25; 5467,75; 5405,5; 10624,75; 13129,75; 5343,25; 8104,75; 1739,5; 5650,75; -129,0; -287,5; 206,5; -89,25; 
13118,59375; 7969,75; 10561,28125; 12957,66015625; 11669,96875; 4054,65625; 7660,5625; 5467,0; 10553,5; 8133,25; 13128,25; 10609,0; 7978,0; 7977,25; 2984,5; 10554,25; 5543,5; 2824,0; 5473,0; 8059,75; 10627,0; 5469,25; 13126,0; 1775,0; 5209,5; 10477,75; -327,75; 129,25; 297,75; 356,0; 
7971,53125; 9317,875; 7978,94921875; 5520,58251953125; 6674,74609375; 11529,625; 6548,875; 13117,0; 5453,5; 8046,25; 3105,25; 7970,5; 10562,5; 5539,75; 8121,25; 5539,75; 2824,0; 8113,75; 3108,25; 2893,75; 5611,75; 13139,5; 3037,75; 2895,25; 5352,25; 10534,0; -156,75; 78,0; -121,5; 153,0; 
13138,1875; 4182,625; 12917,828125; 3970,9375; 5083,0; 6260,359375; 6081,53125; 2969,5; 5613,25; 10543,0; 8180,5; 13172,5; 5464,75; 3140,5; 7975,0; 13096,75; 5651,5; 10552,75; 8009,5; 10624,75; 7964,5; 8048,5; 1308,5; 1850,5; 13148,5; 3121,0; 296,5; 10585,75; 80,0; 7982,5; 
4408,9375; 13149,0625; 13144,3984375; 13123,46875; 5502,103515625; 6554,21875; 12830,96875; 10675,75; 5671,0; 10624,0; 7963,0; 13126,0; 3186,25; 5617,75; 3182,5; 10663,0; 5631,25; 13147,75; 10552,0; 10608,25; 13155,25; 10567,75; 10552,0; 5653,75; 8080,0; 7972,75; 599,5; 517,0; -33,0; -27,75; 
5654,40625; 4109,3828125; 8167,09375; 9332,9248046875; 9334,0; 9324,30859375; 8139,49609375; 13146,25; 10653,25; 3174,25; 7972,75; 10558,75; 13130,5; 5660,5; 8041,75; 10610,5; 8178,25; 10631,5; 3109,0; 13121,5; 5392,75; 10674,25; 10600,0; 10514,5; 5668,0; 10608,25; 127,75; 489,0; 75,25; -244,75; 
5541,53125; 9253,1875; 5538,4375; 5367,53125; 10350,15625; 10308,4375; 6553,1875; 7953,25; 10657,75; 10592,5; 13154,5; 3046,0; 8112,25; 13169,5; 5608,75; 5481,25; 13180,0; 2893,0; 5612,5; 10589,5; 2893,0; 3042,25; 7894,75; 942,0; 3182,5; 5638,75; 365,25; 101,5; 5534,5; 158,25; 
7990,0; 13177,1875; 13142,6875; 6526,84375; 5225,6875; 6399,8125; 10268,01953125; 10636,0; 10536,25; 10558,75; 8117,5; 13101,25; 13167,25; 10597,0; 5626,75; 3052,75; 2893,0; 7964,5; 7987,0; 8041,0; 7997,5; 8087,5; 2341,5; 2191,0; 13048,0; 8116,0; -286,0; 5,0; 184,0; 184,0; 
11869,0234375; 7971,90625; 9360,8359375; 7963,65625; 10517,875; 3797,875; 11551,75; 5673,25; 13108,0; 8041,75; 5696,5; 10686,25; 10608,25; 7997,5; 5625,25; 5392,75; 7981,0; 8188,75; 8179,0; 13142,5; 10670,5; 8076,25; 10554,25; 10497,25; 5395,75; 5553,25; 692,5; 26,5; 5,0; 806,5; 
7997,3125; 5536,75; 6559,7529296875; 11629,84375; 6618,90625; 12811,9375; 6559,28125; 7964,5; 5619,25; 10612,75; 10581,25; 13150,75; 5630,5; 13157,5; 10552,75; 10680,25; 5470,0; 10536,25; 8176,0; 8165,5; 7997,5; 10624,75; 881,75; 10653,25; 13025,5; 10607,5; -241,0; -289,75; -159,5; 180,75; 
10659,4375; 13113,34375; 8045,3125; 9319,8671875; 4109,60546875; 3994,65625; 8926,65625; 10569,25; 10585,75; 8121,25; 10569,25; 10574,5; 8113,0; 8107,75; 5392,75; 10660,0; 5632,75; 8164,0; 5619,25; 5608,75; 8108,5; 13130,5; 7970,5; 2863,0; 3040,0; 1085,25; 5511,25; 185,0; 162,5; 813,0; 
4336,1875; 4433,04296875; 4060,75; 10313,4296875; 10229,21875; 3862,1875; 10275,15625; 5636,5; 2963,5; 10535,5; 2890,75; 13132,0; 3037,0; 10581,25; 13144,0; 10578,25; 10553,5; 10613,5; 10643,5; 2970,25; 5536,75; 5614,75; 3133,0; 3103,0; 2967,25; 897,5; -190,0; 259,5; 546,75; -432,25; 
9329,5; 8133,625; 7826,6875; 6422,6875; 11587,28125; 9000,90625; 6515,3125; 10663,0; 10636,75; 2963,5; 10636,75; 8143,0; 13204,0; 5608,75; 5622,25; 8146,0; 13144,0; 10608,25; 5563,75; 5641,0; 5487,25; 5560,0; 2049,5; 1480,75; 2796,25; 5590,0; 311,5; 517,5; 104,75; 307,25; 
7989,25; 4294,0; 11632,03515625; 6530,125; 11607,71875; 12820,46875; 11597,40625; 2890,75; 8011,0; 5415,25; 10552,75; 3152,5; 8126,5; 8140,75; 8170,0; 8122,75; 2890,75; 5547,25; 10549,75; 10553,5; 13142,5; 3129,25; 10548,25; 10661,5; 8044,0; 8138,5; 94,75; -324,0; 27,5; -118,75; 
6744,4375; 5572,80859375; 6555,25439453125; 7974,96484375; 9096,80078125; 10345,9375; 12862,1875; 5626,75; 8108,5; 8076,25; 2963,5; 2893,0; 10629,25; 8076,25; 8155,0; 8090,5; 8131,0; 13108,0; 5464,75; 10670,5; 5566,0; 5671,75; 5482,75; 10613,5; 10543,0; 799,25; -324,0; -179,25; 80,5; 489,0; 
4216,375; 4154,1484375; 10323,8125; 5339,40625; 6537,8125; 11521,75; 11549,9921875; 10599,25; 10629,25; 5644,75; 5390,5; 10608,25; 7942,0; 5659,75; 5619,25; 10692,25; 3193,0; 8176,0; 5674,75; 3127,0; 8185,0; 2971,0; 5470,75; 5596,75; 3145,0; 8046,25; 110,0; 172,25; -241,0; 263,25; 
12913,2490234375; 3944,59375; 9125,40625; 5331,90625; 4119,90625; 7818,53125; 11535,6015625; 13171,0; 10580,5; 10653,25; 10623,25; 5608,0; 3139,0; 8137,75; 8198,5; 3193,0; 10630,0; 5650,75; 10683,25; 5695,75; 5650,75; 10671,25; 1785,25; 5527,0; 8131,75; 3171,25; 706,0; 101,5; 982,0; 2372,0; 
13186,75; 11844,656127929688; 11702,0751953125; 10355,40625; 5316,15625; 7837,65625; 11596,375; 8200,0; 10704,25; 8150,5; 8198,5; 10661,5; 5644,75; 8177,5; 5624,5; 8130,25; 5653,75; 5616,25; 8144,5; 10615,75; 5616,25; 10693,75; 5497,75; 10536,25; 10379,5; 8049,25; -289,75; -129,0; 557,5; -190,0; 
4416,71875; 7994,082015991211; 4243,8843994140625; 11693,921875; 12852,53125; 5370,34375; 4090,5625; 3130,0; 5674,0; 10608,25; 3127,0; 3139,0; 5635,0; 10630,0; 8165,5; 5620,0; 8164,75; 10691,5; 10659,25; 10608,25; 5686,75; 5686,75; 10378,0; 7981,75; 13122,25; 7841,5; 2216,0; 564,25; 373,0; 116,0; 
13140,90625; 10583,81640625; 5460,115234375; 7838,6875; 10335,15625; 11553,25; 4098,90625; 10646,5; 13132,75; 8164,75; 8150,5; 13132,0; 13138,0; 10703,5; 5623,75; 8141,5; 5641,75; 13132,0; 8180,5; 8150,5; 3172,0; 5608,75; 5521,75; 8113,0; 8117,5; 1789,0; 559,0; 44,75; -404,75; 185,0; 
5687,86328125; 6914,875; 9371,96875; 9440,875; 4423,375; 6690,15625; 10328,6875; 5653,75; 10678,75; 10623,25; 5644,75; 3151,0; 5671,75; 3159,25; 8155,0; 10653,25; 5617,75; 8150,5; 3148,0; 3151,0; 3172,0; 10683,25; 10481,5; 10629,25; 7646,0; 5488,75; 170,75; 715,75; 312,0; -283,25; 
11610,53125; 7859,21875; 7825,65625; 12828,15625; 4096,28125; 7789,1875; 11570,7109375; 10623,25; 8138,5; 3181,0; 13132,75; 13123,0; 5481,25; 8108,5; 3148,0; 10644,25; 3148,0; 8159,5; 5619,25; 5471,5; 10691,5; 8190,25; 2854,75; 10620,25; 10433,5; 10578,25; 5480,5; 447,75; 835,25; 1109,0; 
10653,71875; 9391,75; 10594,26953125; 10472,06640625; 10444,5888671875; 4118,3125; 11575,65625; 8126,5; 3148,0; 8150,5; 3151,0; 8151,25; 3139,0; 8133,25; 5674,75; 8147,5; 8159,5; 10666,75; 13177,75; 10629,25; 8158,0; 5650,75; 1322,25; 1237,0; 8012,5; 5662,0; -286,0; 646,0; 102,5; -156,75; 
6913,84375; 11696,58203125; 11557,46875; 5322,96484375; 7834,65625; 7824,65869140625; 12778,50830078125; 10693,75; 3193,0; 5633,5; 5647,75; 3157,0; 3118,0; 5659,75; 8168,5; 8190,25; 13123,0; 5626,75; 3151,0; 10672,0; 13147,75; 8180,5; 5350,0; 13044,25; 5493,25; 8058,25; 203,5; 477,25; -89,25; 15,75; 
5660,21875; 9409,75; 6850,65625; 4385,188537597656; 10440,82275390625; 5478,30859375; 5345,96875; 8150,5; 10638,25; 10612,0; 3120,25; 5632,0; 10629,25; 10633,0; 10476,25; 10659,25; 5398,75; 3046,75; 5398,75; 10629,25; 8200,0; 5472,25; 1482,0; 8036,5; 5487,25; 1353,0; 395,0; 698,5; 181,75; -233,5; 
4126,28125; 12863,78125; 9112,0; 6626,03125; 6574,28125; 5310,25; 8900,40625; 5399,5; 8175,25; 5473,75; 7831,0; 10608,25; 3134,5; 8128,0; 5626,75; 8119,75; 10536,25; 5554,0; 8126,5; 5605,0; 5398,75; 13142,5; 5638,0; 5644,0; 8135,5; 13004,5; -286,0; 8152,0; -81,75; 158,25; 
4329,0625; 11718,0625; 11902,59765625; 4109,40625; 11539,65625; 8890,375; 5076,80078125; 10657,75; 13132,0; 10557,25; 13147,75; 8137,75; 10627,0; 7979,5; 10558,75; 7969,0; 10477,0; 10608,25; 8110,0; 10558,0; 13108,0; 13117,0; 7888,0; 10543,0; 5605,75; 8107,0; 236,5; 237,5; 290,0; 131,25; 
6920,59375; 6903,25; 9308,875; 10536,25; 5488,44970703125; 12866,7578125; 11660,58203125; 7978,75; 5396,5; 5544,25; 5413,75; 8138,5; 8053,75; 10632,25; 13157,5; 7969,0; 5554,0; 8198,5; 10659,25; 8120,5; 7981,0; 13180,0; 8119,75; 12924,25; 5541,25; 1254,75; 357,0; 678,0; 75,25; 871,25; 
9369,625; 10587,4375; 8097,15625; 8095,2197265625; 6689,69775390625; 4079,78125; 9088,65625; 5626,0; 10608,25; 5679,25; 5567,5; 10661,5; 13120,0; 5410,0; 5686,75; 3047,5; 10692,25; 7980,25; 8048,5; 5464,75; 10588,0; 7976,5; 5485,75; 10664,5; 10533,25; 5342,5; 158,25; 127,75; -100,0; -289,75; 
8119,375; 12848,03125; 9120,0625; 12833,6875; 12840,53125; 6536,875; 10229,4296875; 13124,5; 8161,75; 10682,5; 8150,5; 3146,5; 13147,0; 10581,25; 2821,0; 10684,0; 10536,25; 8150,5; 10666,0; 8116,0; 5415,25; 2893,0; 8080,75; 1127,25; 7666,75; 2870,5; 104,75; 302,25; -6,25; 328,25; 
9432,25; 5547,0625; 5604,75390625; 11805,19140625; 10593,0859375; 9125,875; 9064,9375; 5633,5; 10570,75; 8117,5; 10629,25; 5652,25; 5648,5; 10654,75; 10666,0; 8135,5; 3184,0; 3130,0; 5650,75; 10671,25; 8150,5; 5646,25; 10666,75; 2359,0; 8113,0; 3037,0; 153,0; 133,0; 228,0; 27,5; 
5384,39892578125; 7803,90625; 9019,09375; 3918,625; 9092,59375; 11573,03125; 6549,8857421875; 10628,5; 8174,5; 13096,75; 7987,75; 3152,5; 8116,0; 8172,25; 7897,0; 5671,75; 3130,0; 5470,75; 8150,5; 5488,0; 7903,75; 5486,5; 8060,5; 3100,75; 8108,5; 13130,5; -446,75; 104,75; 399,5; 80,0; 
6742,5625; 8123,59375; 5470,50390625; 10236,8125; 8914,94921875; 6326,51171875; 6285,4375; 8131,75; 5566,0; 8125,0; 5543,5; 8175,25; 2895,25; 2974,0; 13102,0; 8081,5; 5410,0; 2896,75; 10677,25; 5481,25; 2965,0; 13177,75; 7889,5; 2009,0; 13015,0; 5601,25; -26,0; 596,75; 823,0; 98,75; 
8008,09375; 7963,75; 7971,25; 6615,90625; 5112,6015625; 7652,61865234375; 10025,03125; 8140,0; 5493,25; 8095,75; 10632,25; 7953,25; 5623,75; 5698,75; 10654,75; 5392,75; 8003,5; 8158,0; 13165,0; 8037,25; 13108,0; 2965,75; 10394,5; 8141,5; 7792,0; 10398,25; 10549,75; 158,25; 69,25; 669,75; 
9329,5; 11869,0; 10243,46875; 7841,03125; 3868,46875; 7626,53125; 3811,5625; 10678,75; 13132,0; 10651,75; 7979,5; 5462,5; 7960,0; 3172,0; 3196,0; 8173,0; 5624,5; 8077,0; 2966,5; 10608,25; 5668,0; 10627,75; 820,25; 2975,5; 5358,25; 5395,0; -81,75; 26,5; -283,25; 76,75; 
4424,875; 4217,5; 6604,09375; 3943,84375; 11522,96875; 12866,40625; 7774,05859375; 10567,75; 10634,5; 10618,75; 7964,5; 5619,25; 5682,25; 8134,0; 2965,0; 8189,5; 10630,0; 5470,0; 2896,75; 5629,75; 10547,5; 8108,5; 2974,0; 10625,5; 5662,0; 5620,75; -179,25; -148,25; 163,75; 303,0; 
10626,42578125; 9163,24609375; 11548,9375; 11573,5; 10164,4375; 7807,84375; 9043,09375; 13157,5; 5540,5; 5641,0; 5624,5; 5545,75; 13156,0; 3052,75; 8122,0; 10559,5; 5608,75; 10536,25; 5392,75; 10529,5; 5632,0; 13125,25; 1834,0; 8168,5; 1214,0; 8130,25; 0,75; 546,75; 535,0; 646,0; 
13141,9375; 4385,875; 5546,40625; 10477,9375; 9173,9921875; 3832,67822265625; 8931,8125; 13141,0; 10593,25; 5414,5; 3193,0; 5655,25; 10653,25; 7987,0; 10631,5; 8120,5; 8042,5; 5632,0; 13176,25; 5482,0; 5470,75; 10653,25; 10624,0; 5447,5; 1833,25; 10502,5; 185,5; -454,25; 850,25; 342,5; 
7994,78125; 5405,2421875; 13145,875; 7843,65625; 10307,40625; 10350,4375; 4021,375; 10536,25; 7963,0; 5623,0; 8153,5; 5545,75; 2963,5; 13108,0; 8071,0; 5614,75; 5392,75; 2975,5; 2969,5; 5623,75; 8135,5; 13142,5; 7848,5; 10673,5; 13142,5; 5343,25; 133,0; 342,5; 228,0; 104,75; 
9327,109375; 10672,1875; 13123,1875; 9227,875; 6387,4375; 12786,53125; 10202,8046875; 8119,0; 5392,75; 3026,5; 5536,75; 10612,75; 5569,75; 2966,5; 7973,5; 10675,75; 5605,75; 3109,0; 8122,75; 10624,75; 5614,75; 5550,25; 10639,75; 8097,25; 13155,25; 5334,25; -85,5; -233,5; 459,0; 181,75; 
7979,78125; 9403,0234375; 4261,69140625; 10277,21875; 7816,0234375; 7655,96875; 8984,96875; 8132,5; 3121,75; 8125,75; 8110,0; 3037,0; 8068,0; 5611,0; 10536,25; 13121,5; 10648,75; 13147,75; 5470,0; 8135,5; 5611,0; 5492,5; 8053,0; 10546,75; 5681,5; 10411,0; -24,0; 337,25; 290,0; -26,0; 
10565,59375; 10633,1875; 7665,71875; 3764,59375; 9068,40625; 11472,625; 3946,15234375; 3040,75; 5597,5; 8060,5; 7861,0; 8036,5; 8147,5; 10588,75; 10621,75; 10525,0; 5635,75; 8126,5; 10591,75; 5653,0; 8161,0; 8086,0; 13080,0; 10507,75; 5569,75; 13099,0; 485,25; -63,5; 145,75; -159,5; 
8122,75; 5054,375; 6611,828125; 6553,3984375; 7661,96875; 11530,09375; 7800,34375; 8041,75; 5342,5; 13141,0; 12838,0; 12946,75; 7964,5; 2893,0; 10484,5; 8033,5; 5638,0; 7831,0; 8131,0; 10333,75; 8139,25; 3131,5; 5629,0; 1789,0; 13114,0; 10481,5; -156,75; -148,25; 342,5; -454,25; 
8095,75; 13110,625; 9126,34375; 6687,625; 6481,38671875; 12661,9375; 12792,8125; 5641,75; 2899,0; 8150,5; 8125,75; 5673,25; 13141,0; 8129,5; 10623,25; 10673,5; 7969,75; 5638,75; 13182,25; 13177,0; 10671,25; 8116,75; 10551,25; 8119,0; 5623,0; 8162,5; -114,5; 189,25; 207,0; 78,0; 
8178,15625; 4362,25; 5540,875; 4377,203125; 4144,3515625; 4148,2421875; 10275,4375; 10682,5; 10596,25; 7969,0; 13123,0; 5649,25; 5650,75; 10612,0; 12980,5; 10569,25; 10621,75; 5671,75; 10615,0; 7917,25; 7980,25; 5629,75; 10434,25; 5638,75; 3042,25; 10514,5; -27,75; -76,5; -222,25; -289,75; 
5544,625; 5523,4375; 12854,3125; 6580,09375; 9010,75; 10201,75; 6522,53125; 8153,5; 2968,75; 5671,75; 5661,25; 5486,5; 5392,75; 10616,5; 13108,0; 3055,0; 5686,0; 8068,75; 8137,75; 8108,5; 3139,0; 10405,75; 8098,75; 5641,75; 10607,5; 10616,5; -432,25; 132,5; -293,5; 485,25; 
5538,625; 5589,4140625; 4063,9375; 6588,4375; 12769,9375; 7633,84375; 5029,46875; 5568,25; 13144,0; 8138,5; 7964,5; 5318,5; 8137,75; 7953,25; 10536,25; 5563,75; 2893,0; 3172,0; 7967,5; 13124,5; 8131,75; 5392,75; 8113,0; 10586,5; 1432,0; 8165,5; 176,5; -286,0; 982,5; -293,5; 
5563,75; 10571,3125; 13043,2421875; 8907,0625; 6547,65625; 11228,3125; 12486,8125; 10536,25; 7963,0; 3137,5; 5617,0; 5536,75; 8126,5; 8143,75; 13125,25; 5487,25; 3175,75; 5632,75; 10612,75; 8032,75; 5643,25; 8087,5; 8155,0; 10534,0; 5611,75; 10547,5; 206,5; 76,75; 3172,0; 76,75; 
6698,03125; 10603,9052734375; 13087,7265625; 7912,1640625; 10233,34375; 6531,0390625; 11526,8125; 5624,5; 10630,75; 5644,75; 5471,5; 5611,75; 5647,75; 5596,75; 10548,25; 13108,0; 3187,75; 13043,5; 7859,5; 5671,75; 10608,25; 13085,5; 8150,5; 10337,5; 8153,5; 10546,75; 463,75; -175,0; 228,0; 84,25; 
13112,875; 9381,3408203125; 4284,0625; 8081,6875; 12863,1015625; 12869,21875; 6582,15625; 3106,0; 13103,5; 7951,75; 10492,75; 10505,5; 5674,75; 8121,25; 10542,25; 8041,75; 5539,0; 10558,0; 10513,0; 8005,0; 5550,25; 8118,25; 7996,0; 5455,75; 10597,0; 8117,5; -78,0; -233,5; 1084,0; 154,5; 
13110,859375; 10425,0625; 11895,40234375; 5431,8876953125; 10285,75; 10279,0; 5328,15625; 8117,5; 13078,0; 3124,0; 8111,5; 10632,25; 3178,0; 10525,75; 8089,0; 10552,0; 5650,75; 5647,0; 10585,0; 13048,75; 13084,0; 8114,5; 8188,0; 873,5; 10590,25; 5677,75; -89,25; -443,0; 237,5; -175,0; 
10612,732421875; 6795,25; 6888,625; 5582,96875; 7976,80029296875; 10337,78125; 6569,40625; 10546,75; 10604,5; 5626,75; 5649,25; 8162,5; 10639,75; 8057,5; 10513,75; 5654,5; 10522,0; 10602,25; 3181,0; 8137,0; 8132,5; 5624,5; 5566,75; 10523,5; 7922,5; 5513,5; 552,75; 185,5; -107,0; 110,0; 
4114,46875; 6547,841552734375; 9054,4375; 6587,40625; 12696,34375; 6529,1875; 7820,875; 8140,0; 8121,25; 10540,75; 13138,0; 5617,0; 8128,75; 10605,25; 10535,5; 8141,5; 10573,75; 3100,0; 13013,5; 8158,0; 5644,0; 13079,5; 8110,0; 10557,25; 8138,5; 10608,25; 546,75; -458,0; -233,5; 342,5; 
6926,125; 13078,1875; 6895,1875; 6798,91796875; 5344,65625; 10300,28125; 11512,09375; 10591,0; 10540,75; 10592,5; 5629,0; 10555,75; 8101,0; 10630,0; 10602,25; 10655,5; 3175,0; 5654,5; 10600,0; 13046,5; 8168,5; 3190,75; 8087,5; 5674,75; 5519,5; 8108,5; 285,75; 206,5; 333,5; 627,25; 
8135,5234375; 9300,8125; 7931,51171875; 12810,8125; 12781,375; 12767,78125; 6590,875; 5647,0; 5651,5; 5644,75; 10645,75; 10605,25; 10602,25; 8125,0; 5655,25; 10558,0; 10576,75; 13081,0; 12989,5; 5605,0; 8129,5; 8123,5; 3134,5; 5605,0; 10576,75; 1800,25; -19,0; -148,25; 285,75; -235,0; 
5651,125; 9377,6875; 13000,7265625; 10570,796875; 5615,72265625; 5327,59375; 4117,65625; 13084,0; 3091,0; 3185,5; 5665,0; 13013,5; 8077,0; 5611,75; 10600,0; 10602,25; 8119,0; 13013,5; 8125,0; 3196,0; 10557,25; 5650,75; 13052,5; 1150,5; 8161,0; 10532,5; 5,0; 0,75; 342,5; 587,5; 
4358,5; 6864,0625; 6786,4375; 5617,1875; 8140,4658203125; 4114,65625; 11530,375; 5452,0; 8080,0; 3184,0; 5662,75; 3112,0; 8134,0; 10604,5; 7983,25; 10495,0; 5632,75; 13012,0; 8138,5; 10612,0; 10612,0; 10492,75; 10651,0; 10510,0; 10505,5; 8104,0; 31,75; 1222,25; -233,5; 1293,75; 
4369,75; 12888,671875; 9104,5; 7813,375; 7831,0; 10295,3125; 10271,125; 5620,0; 3188,5; 5611,0; 8140,0; 5629,0; 3182,5; 3124,0; 2895,25; 3191,5; 7977,25; 8057,5; 10531,0; 5668,0; 3172,0; 8042,5; 10648,0; 7990,0; 10516,0; 7942,0; 80,5; 279,5; -114,5; 673,0; 
5636,833984375; 5202,625; 10265,5; 7810,75; 6555,4140625; 10178,640625; 6422,6875; 5606,5; 7946,5; 3145,0; 7999,0; 5589,25; 10547,5; 8142,25; 10583,5; 10438,0; 3181,0; 8153,5; 5557,75; 10540,75; 13177,0; 10596,25; 10644,25; 10615,75; 2992,0; 3996,0; 133,0; 10691,5; 308,0; 0,75; 
13146,25; 11627,6875; 12698,03125; 10300,46875; 5328,15625; 8970,8125; 10273,1875; 8116,0; 8149,0; 3172,0; 5542,0; 8003,5; 10630,0; 5633,5; 10606,75; 8160,25; 10577,5; 8132,5; 8089,75; 3115,0; 5628,25; 5647,75; 10603,75; 1652,25; 10514,5; 7927,0; 80,5; -237,25; 494,25; 131,5; 
5474,03125; 5477,25390625; 5476,2109375; 11571,625; 5366,21875; 12753,71875; 10284,0625; 10603,75; 8027,5; 5495,5; 13084,75; 8108,5; 8132,5; 10657,75; 10597,0; 5589,25; 13123,0; 10604,5; 5611,75; 3117,25; 5682,25; 8144,5; 12999,25; 10543,0; 2787,0; 10655,5; 15,75; 229,0; -443,0; 314,5; 
5471,125; 9403,46875; 6717,53125; 6848,46484375; 9213,578125; 9103,84375; 10339,5625; 10461,25; 10575,25; 8036,5; 10521,25; 8052,25; 8111,5; 13015,75; 10504,75; 8128,0; 8101,0; 5658,25; 10632,25; 12962,5; 8156,5; 8170,0; 1373,0; 10597,75; 8131,0; 7956,25; -450,5; -24,0; 551,0; 157,25; 
7948,84375; 8019,8125; 5304,15625; 4102,84375; 11497,65625; 4024,28125; 12819,34375; 5658,25; 3118,0; 13102,75; 7972,75; 5646,25; 10536,25; 10632,25; 10558,0; 5661,25; 5471,5; 10601,5; 5658,25; 5590,75; 10578,25; 3185,5; 10559,5; 8083,0; 8002,0; 3092,5; 163,75; -21,75; 1164,5; 1716,0; 
12888,71875; 6829,29296875; 9107,20703125; 12762,90625; 7760,6875; 7769,40625; 7608,0625; 8113,0; 10668,25; 8155,0; 10636,75; 7977,25; 5659,75; 13159,75; 8138,5; 8110,0; 10571,5; 3153,25; 5585,5; 8144,5; 10477,75; 13159,75; 8126,5; 8047,0; 2975,5; 5646,25; 646,0; -237,25; 459,5; 475,5; 
13108,84375; 5471,21875; 6855,96484375; 11831,11328125; 4074,90625; 11524,84375; 3972,4375; 5415,25; 8009,5; 5619,25; 2964,25; 5477,5; 5559,25; 12912,25; 3109,0; 8141,5; 8126,5; 8041,75; 10582,0; 5614,0; 10634,5; 8150,5; 1301,0; 1640,25; 13138,0; 8130,25; 237,5; 10396,75; -47,75; 464,5; 
13126,375; 9326,23046875; 13148,03125; 6741,01416015625; 10430,23046875; 11520,0625; 11612,125; 8113,0; 8103,25; 8107,0; 5624,5; 8108,5; 8104,75; 2972,5; 3106,75; 7982,5; 5619,25; 3110,5; 5621,5; 10606,0; 10636,0; 13129,0; 2423,0; 10537,0; 1723,0; 10600,0; -31,5; -458,0; 237,5; 157,5; 
10675,87890625; 6862,375; 4219,421875; 4155,765625; 10420,2578125; 12871,75; 6556,375; 13111,0; 2896,0; 13125,25; 8108,5; 13141,0; 13175,5; 5479,75; 2895,25; 2824,0; 5468,5; 13108,0; 5471,5; 5547,25; 5622,25; 7972,0; 12879,25; 8059,75; 5424,25; 5530,75; 276,75; -316,5; -286,0; 237,5; 
13176,8125; 6722,125; 10544,78125; 4352,5; 10571,5; 5328,90625; 4115,96875; 7953,25; 10547,5; 10618,75; 10617,25; 8143,0; 3159,25; 5415,25; 5629,75; 3148,0; 13142,5; 3044,5; 10553,5; 8011,0; 5392,75; 10596,25; 7831,0; 5614,0; 2070,25; 3187,75; 857,0; 158,25; -7,25; 436,5; 
11847,9765625; 13125,4375; 6552,34375; 3869,40625; 5224,65625; 11533,1875; 12800,3125; 2965,0; 2968,0; 10621,75; 5406,25; 8108,5; 3043,0; 5458,0; 2968,75; 7942,0; 2893,0; 8040,25; 5398,75; 8069,5; 3037,0; 8041,75; 5527,0; 7888,0; 5629,75; 8023,75; -237,25; 127,75; 303,0; 489,0; 
6864,5546875; 6696,4140625; 12961,7470703125; 10381,7734375; 11527,09375; 6246,8125; 7515,4375; 5547,25; 7999,0; 2972,5; 5611,0; 3039,25; 13131,25; 10581,25; 8068,0; 13131,25; 7971,25; 2821,0; 8122,0; 5392,75; 8125,75; 13121,5; 3181,0; 8005,0; 10459,0; 1363,75; 10542,25; 406,0; -208,75; -301,5; 
6670,28125; 11847,90625; 5469,8125; 9232,093383789062; 9066,26171875; 7815,15625; 11510,03125; 10549,75; 5637,25; 5563,75; 5617,75; 8134,0; 5464,75; 13129,0; 5552,5; 10581,25; 10630,0; 13102,75; 10597,0; 10570,75; 10508,5; 8115,25; 8131,0; 10557,25; 13005,25; 1492,25; 532,5; 352,25; 829,0; 27,5; 
9253,0; 9302,96875; 9264,53125; 11664,23828125; 12921,37890625; 9124,75; 5154,625; 10706,5; 10613,5; 8055,25; 5342,5; 8033,5; 10702,0; 13054,0; 10630,0; 8147,5; 10588,75; 3199,0; 8134,0; 5658,25; 8129,5; 10472,5; 10593,25; 1631,5; 13085,5; 12935,5; 80,0; -274,75; 307,25; -237,25; 
10446,8125; 5551,375; 8053,1875; 11565,17236328125; 9142,65478515625; 11614,5625; 4120,75; 10543,75; 5590,0; 8058,25; 10510,75; 8061,25; 8141,5; 5482,75; 5392,75; 8146,0; 7853,5; 10484,5; 10608,25; 10630,0; 10611,25; 3057,25; 10471,0; 8077,0; 8120,5; 7988,5; 120,25; 185,0; 489,0; 220,5; 
4221,3203125; 8947,646545410156; 6559,75; 12771,90625; 9074,03125; 10082,59375; 12702,71875; 3174,25; 5691,25; 8089,75; 10628,5; 10510,0; 8179,0; 13096,75; 5695,75; 5610,25; 8167,75; 5536,75; 5653,75; 8193,25; 5641,0; 5669,5; 10577,5; 1699,75; 5613,25; 1356,0; 225,0; 554,75; -104,25; 181,75; 
6883,46875; 4379,11328125; 13051,71484375; 7821,8125; 12726,4375; 3781,0; 5201,32421875; 10630,0; 5449,75; 5359,0; 13039,75; 10579,0; 13146,25; 13102,0; 5536,75; 10608,25; 3046,75; 5663,5; 3171,25; 3121,0; 5533,75; 7958,5; 8026,0; 5673,25; 1855,75; 1104,5; -446,75; 7926,25; 724,5; -27,75; 
4413,53125; 11857,375; 9201,33935546875; 9357,71875; 4265,0546875; 11512,375; 7844,78125; 10625,5; 13141,0; 3181,0; 5617,75; 5607,25; 13103,5; 5697,25; 10575,25; 10620,25; 5473,75; 3127,75; 8141,5; 5398,75; 10651,75; 3049,75; 5443,0; 5643,25; 2119,25; 5098,0; 185,0; 290,0; 27,5; 485,25; 
11875,75; 8101,5625; 8003,921875; 5415,296875; 10304,96875; 6524,3125; 7809,15625; 8164,0; 13039,0; 5639,5; 8069,5; 5552,5; 5614,75; 5546,5; 10561,75; 8171,5; 10632,25; 8100,25; 10636,0; 8155,75; 3135,25; 5656,75; 2018,0; 5069,5; 10531,75; 5455,0; -443,0; 104,75; 233,25; 532,5; 
6899,5; 10467,34375; 12803,5; 7835,40625; 11540,59375; 3893,59375; 9063,87109375; 8037,25; 10499,5; 8139,25; 12990,25; 5673,25; 5497,0; 10543,75; 8123,5; 3094,0; 10627,75; 5653,0; 5646,25; 8092,0; 3101,5; 5614,75; 5600,5; 1423,0; 3121,0; 10630,75; 448,0; 129,25; -305,75; -121,5; 
4379,03125; 11842,9375; 9181,57421875; 11557,84375; 9069,71875; 6560,96875; 4021,5625; 8124,25; 5674,75; 5608,75; 3119,5; 5551,75; 5604,25; 8167,0; 10627,75; 5570,5; 5646,25; 10555,75; 13091,5; 8119,0; 3145,75; 5671,0; 5626,0; 3121,0; 10532,5; 8106,25; 402,25; 181,75; 133,0; 75,25; 
5670,8125; 6699,3671875; 11669,23046875; 9079,84375; 12695,21875; 7629,4375; 7481,57177734375; 5676,25; 3073,0; 8062,0; 10644,25; 8099,5; 8063,5; 8116,75; 5613,25; 8047,75; 8110,0; 8009,5; 5591,5; 5650,75; 5545,0; 8069,5; 3140,5; 2973,25; 2909,5; 10601,5; 203,0; 555,5; 132,5; 131,5; 
6861,02734375; 5439,40380859375; 11472,53125; 9055,1875; 10118,23046875; 11243,21875; 12505,75; 3172,0; 7983,25; 5656,75; 5676,25; 5593,0; 8113,0; 13144,0; 3187,0; 10453,75; 3131,5; 8096,5; 5661,25; 13074,25; 10481,5; 10549,75; 10625,5; 1754,5; 5424,25; 13009,0; -290,25; 232,25; 104,75; 237,5; 
5629,75; 13034,78125; 5612,125; 6736,84375; 12809,44140625; 11628,77734375; 9045,8125; 5584,0; 10600,0; 13108,0; 10594,75; 3166,0; 5626,0; 10624,0; 5611,75; 5622,25; 13068,25; 10596,25; 8124,25; 10518,25; 10641,25; 10654,0; 5583,25; 10560,25; 10293,25; 7943,5; 281,0; 132,5; -141,0; 698,5; 
5575,0; 13058,40625; 13101,09765625; 6810,05517578125; 12920,47216796875; 8904,625; 7748,03125; 5542,75; 5630,5; 3160,75; 5604,25; 5519,5; 10550,5; 5663,5; 5602,0; 8070,25; 5656,75; 5477,5; 8113,0; 13075,75; 8128,0; 5621,5; 5661,25; 10430,5; 2974,75; 5638,75; 76,75; -233,5; -63,5; -90,75; 
8103,13720703125; 4354,46875; 11822,30078125; 6866,309020996094; 5231,6875; 3753,8125; 12531,953125; 10630,0; 5626,0; 10619,5; 10673,5; 3110,5; 8131,75; 10665,25; 13126,75; 8122,0; 13042,0; 8047,0; 5652,25; 8122,0; 3085,0; 10627,75; 5444,5; 10636,75; 878,75; 8111,5; 126,25; 10432,75; 153,0; -69,0; 
5666,59375; 11833,375; 8042,869140625; 5473,53759765625; 6597,8125; 12734,78125; 10290,71875; 13061,5; 8054,5; 5653,75; 5476,75; 5650,75; 10468,0; 3085,0; 10468,0; 5599,0; 3106,0; 10526,5; 10633,75; 10534,75; 13057,0; 7984,0; 7973,5; 3001,0; 5620,75; 8153,5; 1156,0; 176,5; 342,5; -175,0; 
5613,0625; 4380,625; 11677,22265625; 6751,421875; 9074,21875; 7711,09375; 5281,1875; 10668,25; 8125,0; 5595,25; 8110,75; 5617,0; 5603,5; 5553,25; 8144,5; 5581,0; 8041,0; 3110,5; 8102,5; 3127,0; 7963,0; 12993,25; 10489,75; 13112,5; 13113,25; 5479,75; 272,0; 340,75; -286,0; 563,0; 
4435,65625; 9393,4375; 4350,90625; 9221,52783203125; 9086,03125; 5316,71875; 5131,15234375; 5470,0; 5593,75; 8002,0; 13043,5; 10453,75; 5644,75; 13063,75; 10650,25; 10625,5; 3121,0; 10608,25; 8095,75; 8093,5; 3137,5; 10384,75; 12973,0; 3185,5; 10501,0; 7973,5; 127,75; 840,5; 132,5; 154,5; 
9350,21875; 10591,9375; 10453,0; 7823,78125; 7843,5625; 12827,03125; 7672,75; 10510,75; 8143,0; 13154,5; 5601,25; 3094,0; 8139,25; 3121,0; 8096,5; 10565,5; 5398,75; 10387,75; 5535,25; 8028,25; 10646,5; 5576,5; 7984,75; 10506,25; 13177,75; 5392,0; 749,0; 185,0; -84,0; -450,5; 
10616,96875; 5669,6875; 8070,37890625; 6539,6875; 12797,9921875; 7800,8125; 12757,09375; 8138,5; 5649,25; 8111,5; 8130,25; 8109,25; 5647,0; 8157,25; 5660,5; 10640,5; 8125,0; 10485,25; 13093,75; 10564,0; 2971,0; 8165,5; 3186,25; 3061,0; 5638,75; 10434,25; 2875,75; 197,5; -156,75; 290,0; 
13112,59375; 6759,4990234375; 4388,51171875; 12814,1875; 11604,12109375; 11585,875; 11523,15625; 7961,5; 8090,5; 10654,75; 5327,5; 3154,0; 10630,0; 3121,75; 10543,75; 8128,0; 8069,5; 3130,0; 5612,5; 8174,5; 8154,25; 8155,0; 10505,5; 3130,75; 8009,5; 8120,5; 489,0; 15,75; -90,75; 236,5; 
10534,94921875; 5635,7734375; 13001,39013671875; 10432,609375; 9135,89453125; 11574,71875; 12763,375; 8144,5; 10678,75; 7906,75; 3106,0; 8168,5; 8167,75; 8059,75; 10392,25; 5636,5; 10645,0; 10668,25; 5621,5; 3154,0; 10665,25; 3136,0; 1596,25; 5488,75; 5431,75; 8090,5; -314,25; -69,0; 3176,5; 163,75; 
9377,673767089844; 4332,671875; 6668,46484375; 7806,34375; 9086,40625; 11599,28125; 9056,875; 5596,75; 8097,25; 10483,0; 5624,5; 8170,0; 5624,5; 10678,0; 5629,75; 13127,5; 5615,5; 3157,0; 3113,5; 5624,5; 10483,0; 5543,5; 10652,5; 10509,25; 5452,0; 5213,25; -233,5; 176,5; 494,25; -2,5; 
4379,3125; 5460,28515625; 4090,375; 11617,5625; 10187,03125; 11560,75; 11393,5; 8161,75; 5563,75; 3134,5; 8152,0; 10562,5; 5617,0; 5629,0; 10612,75; 8149,0; 5633,5; 10643,5; 5585,5; 13142,5; 8125,0; 5641,0; 5646,25; 3147,25; 5434,0; 5403,25; 181,75; 1139,0; -33,0; 181,75; 
7987,9375; 10441,8203125; 4141,84375; 11709,0625; 12738,0625; 12798,34375; 5325,4375; 5660,5; 5553,25; 8053,75; 10639,0; 3124,75; 10653,25; 8031,25; 5623,75; 13145,5; 8145,25; 5579,5; 10648,0; 5673,25; 10587,25; 5638,75; 1781,5; 5348,5; 5662,0; 5596,0; 31,75; 434,25; -77,5; 31,75; 
6730,5625; 4353,16796875; 10572,1328125; 11657,7578125; 5162,78125; 7828,75; 6590,5; 13056,25; 10501,75; 8149,75; 5659,75; 5680,75; 2824,0; 3043,75; 10481,5; 8134,0; 8159,5; 3115,75; 7831,0; 5650,0; 8056,75; 3139,0; 10410,25; 8131,75; 5637,25; 13046,5; -48,5; 167,5; 250,0; -24,0; 
5681,40625; 6885,4375; 4188,0947265625; 10287,5166015625; 9070,09375; 9010,1875; 8984,78125; 3204,25; 8073,25; 10615,75; 10645,0; 5689,0; 10633,75; 2944,0; 8176,0; 10630,75; 5646,25; 13089,25; 13055,5; 5679,25; 8092,0; 5643,25; 2044,75; 8123,5; 5632,75; 13077,25; -4,0; -148,25; -233,5; -85,5; 
11837,78125; 13124,40625; 4437,8125; 6496,75; 9074,59375; 11562,34375; 11549,21875; 3185,5; 8154,25; 10633,75; 5602,75; 5641,75; 8158,75; 3162,25; 8146,0; 5644,0; 8129,5; 5617,75; 5601,25; 12908,5; 10655,5; 8080,0; 5535,25; 5327,5; 10432,75; 10430,5; 10513,75; 8176,0; 229,0; -85,5; 
11830,17578125; 11854,9375; 10471,97265625; 9166,29296875; 4198,15234375; 5334,8125; 6600,34375; 10596,25; 5655,25; 10485,25; 5615,5; 3136,75; 3082,0; 3113,5; 5626,75; 8143,0; 10645,75; 5637,25; 3136,0; 8133,25; 10648,75; 8027,5; 8020,0; 5666,5; 8119,0; 3174,25; 240,75; 131,5; 111,25; 110,0; 
6718,1171875; 4231,02197265625; 6559,84375; 6595,46875; 6587,78125; 5267,03125; 7775,24658203125; 10627,75; 10641,25; 10384,75; 8167,75; 10665,25; 13120,75; 10562,5; 10485,25; 5652,25; 8161,0; 5623,0; 5636,5; 8164,0; 5659,0; 10494,25; 2081,0; 5600,5; 10495,75; 5653,0; 171,25; 441,75; 363,0; 320,75; 
10621,46875; 12848,40625; 5358,90625; 11555,96875; 7747,9375; 4061,21875; 10316,78125; 10635,25; 8158,0; 5596,0; 3116,5; 3108,25; 10678,75; 3187,0; 3137,5; 10574,5; 7972,75; 10624,75; 10576,0; 5629,0; 10624,75; 10642,75; 12996,25; 13064,5; 1951,0; 10495,75; 615,5; 75,25; 593,5; -283,25; 
11855,3125; 8136,53125; 11707,17578125; 5447,37109375; 6591,34375; 4055,96875; 12639,15625; 3169,0; 13069,0; 10631,5; 13118,5; 10656,25; 8122,75; 10628,5; 5610,25; 8010,25; 10669,0; 3133,0; 13174,75; 10608,25; 10631,5; 10501,0; 3127,0; 2895,25; 7993,0; 1881,5; 383,5; -297,25; 5,0; 30,75; 
11832,71875; 11875,5625; 4413,625; 5511,89453125; 5290,5390625; 10480,39697265625; 6587,875; 10597,0; 8158,0; 10580,5; 13189,0; 5659,0; 10642,75; 10615,75; 5591,5; 10635,25; 10589,5; 5636,5; 10410,25; 5634,25; 10620,25; 8002,0; 12905,5; 10546,0; 2978,5; 10534,75; -31,5; 167,5; 512,0; 358,75; 
5578,375; 6802,1875; 11707,0703125; 7918,33984375; 12641,21875; 5336,78125; 4056,90625; 8062,75; 3160,0; 10611,25; 3135,25; 10665,25; 10665,25; 5545,75; 5623,75; 5602,75; 7963,0; 8161,0; 8161,75; 5554,0; 13072,0; 10576,0; 10589,5; 10559,5; 8119,75; 10558,75; -233,5; 546,75; -21,75; 184,0; 
9341,125; 10607,65234375; 10455,2587890625; 7805,40625; 6555,15625; 6548,78125; 6570,0625; 8035,0; 10391,5; 3166,75; 10681,0; 3103,0; 8147,5; 5617,0; 10579,0; 8155,0; 3108,25; 10667,5; 8135,5; 5673,25; 5598,25; 12994,0; 5515,0; 5544,25; 2914,0; 3084,25; 75,25; 78,0; -159,5; 84,25; 
8089,375; 4069,0; 7753,5625; 4072,58154296875; 11567,5; 4045,6573486328125; 4021,5625; 10642,0; 5623,75; 10567,0; 8080,0; 10564,75; 10585,75; 13004,5; 7975,0; 10483,0; 3125,5; 10635,25; 3178,75; 8131,0; 5638,0; 5626,0; 12787,0; 3107,5; 13105,0; 10495,0; 254,75; 5489,5; -233,5; 136,75; 
6862,75; 13143,4375; 9061,375; 7899,0625; 8910,625; 6558,15625; 5306,59375; 10619,5; 3196,0; 13085,5; 10687,0; 5646,25; 13080,25; 10645,75; 8147,5; 3037,75; 5541,25; 8146,0; 10679,5; 10651,75; 3139,75; 5534,5; 5509,75; 10548,25; 10681,75; 10506,25; -193,75; -2,5; 358,75; -107,0; 
5613,1796875; 8149,1875; 13175,40625; 12773,875; 10289,21875; 5359,9375; 5329,09375; 10667,5; 13003,0; 13189,0; 12913,75; 5401,75; 5551,0; 5544,25; 8167,0; 8003,5; 10635,25; 5551,75; 5680,0; 13131,25; 3169,0; 10668,25; 7996,0; 8024,5; 5638,75; 3107,5; 640,75; -217,25; -81,75; 646,0; 
8131,0; 4384,17578125; 13169,03125; 5536,75; 9381,34375; 9343,234375; 12851,40625; 7902,25; 5633,5; 7831,0; 5637,25; 3133,0; 8165,5; 10681,75; 10624,75; 8158,75; 5645,5; 8149,75; 13095,25; 10559,5; 12909,25; 5652,25; 10615,75; 7884,25; 8052,25; 8137,75; 232,25; 850,25; 850,25; -233,5; 
11916,37890625; 4367,78125; 4300,65625; 6864,42578125; 4067,59375; 9087,34375; 12758,59375; 10494,25; 5649,25; 3148,0; 13066,0; 8174,5; 10634,5; 5661,25; 3178,0; 10482,25; 8134,0; 8139,25; 13004,5; 8123,5; 3124,75; 10639,75; 10567,75; 5425,75; 5651,5; 5559,25; -175,0; 395,0; 240,5; 477,5; 
5581,0; 11795,6875; 13058,69921875; 12982,29736328125; 10338,34375; 10190,6875; 12532,09375; 5582,5; 5648,5; 10574,5; 10483,0; 8140,0; 10599,25; 10637,5; 5647,75; 3137,5; 13114,0; 8047,0; 13139,5; 8161,0; 13172,5; 10556,5; 10543,75; 7946,5; 8101,0; 10486,75; 365,25; 332,5; 254,75; -26,0; 
8186,3125; 8029,9375; 8030,875; 6897,83740234375; 10614,287170410156; 4315,01171875; 7994,7109375; 8072,5; 5398,75; 10603,75; 8117,5; 8149,0; 10558,0; 10595,5; 10578,25; 10630,75; 10655,5; 5594,5; 3151,0; 5566,75; 8144,5; 8160,25; 13207,75; 8059,0; 1741,25; 10435,75; 761,0; 22,25; 1190,0; -89,25; 
3946,46875; 10339,1875; 4073,96875; 5340,5358963012695; 12685,09375; 11520,0625; 12664,28125; 13201,0; 5683,0; 5395,0; 5417,5; 8155,75; 13130,5; 8128,0; 8009,5; 3135,25; 10645,75; 10674,25; 8132,5; 8165,5; 8111,5; 5587,0; 10570,75; 10612,75; 10558,0; 1625,75; 658,5; -84,0; 406,0; 12839,5; 
4403,125; 13122,0625; 9181,5625; 9173,13671875; 4381,41015625; 5426,7578125; 4130,78125; 7963,0; 10673,5; 8041,0; 5477,5; 5462,5; 5553,25; 10639,75; 10642,75; 8092,0; 10501,0; 13075,0; 3172,0; 8048,5; 5542,0; 5665,75; 5674,0; 13027,0; 8048,5; 10534,0; -279,0; 806,0; 153,0; 237,5; 
11915,7578125; 6896,125; 6764,875; 5312,6875; 10339,09375; 6587,21875; 12710,5; 5650,0; 5612,5; 12913,0; 10651,0; 8134,75; 13123,0; 8050,75; 12934,0; 5620,75; 10567,75; 7988,5; 10495,75; 3133,75; 5424,25; 8148,25; 5471,5; 7933,75; 8091,25; 2049,25; 330,0; -24,0; -33,0; 232,25; 
10552,0; 10535,875; 5539,0; 11743,9375; 11731,5947265625; 12830,875; 11489,96875; 10630,75; 10378,75; 10452,25; 10488,25; 5625,25; 10543,75; 5594,5; 10574,5; 5654,5; 8116,75; 10438,75; 5682,25; 5428,0; 10459,75; 10559,5; 5540,5; 5461,0; 5481,25; 10477,0; -21,75; -241,0; 482,75; 181,75; 
9280,609375; 7844,9921875; 11765,199340820312; 12840,12109375; 12850,84375; 6552,0625; 6376,9375; 10586,5; 5534,5; 5561,5; 5618,5; 5534,5; 7981,0; 10559,5; 7970,5; 10418,5; 10632,25; 5638,0; 13024,0; 5632,0; 13115,5; 7975,0; 13067,5; 8061,25; 